,L,U,T
19,122,131.0,15
33,19,inf,13
55,135,140.0,18
69,131,inf,109
114,159,164.0,14
160,143,149.0,15
196,159,165.0,4
225,141,155.0,16
255,139,145.0,13
301,104,109.0,15
341,157,164.0,18
358,158,163.0,100
392,176,182.0,14
422,170,177.0,17
427,70,inf,64
433,100,116.0,74
455,115,125.0,37
510,141,146.0,13
572,170,177.0,1
580,51,inf,25
627,173,179.0,15
679,152,158.0,1
703,122,128.0,26
767,168,169.0,15
818,141,147.0,13
827,27,inf,27
861,169,178.0,27
888,146,152.0,14
943,169,178.0,14
974,174,178.0,13
1006,175,181.0,15
1035,157,164.0,25
1079,129,134.0,13
1105,85,91.0,2
1159,127,138.0,1
1212,158,170.0,13
1260,152,167.0,13
1288,181,187.0,62
1332,139,145.0,13
1396,181,190.0,2
1410,96,inf,18
1431,133,142.0,18
1460,121,132.0,18
1505,135,142.0,13
1549,135,142.0,13
1573,109,115.0,49
1626,121,127.0,13
1686,177,183.0,15
1737,155,159.0,14
1790,145,163.0,14
1823,176,182.0,14
1873,176,181.0,14
1917,91,100.0,1
1980,164,169.0,14
2023,119,123.0,15
2063,169,176.0,15
2095,174,181.0,17
2118,82,inf,25
2163,164,169.0,14
2192,156,160.0,17
2241,164,170.0,13
2269,146,155.0,17
2320,180,186.0,22
2366,130,137.0,3
2403,166,170.0,16
2425,109,119.0,13
2476,118,121.0,13
2518,188,inf,17
2536,121,127.0,25
2550,15,inf,15
2601,187,inf,15
2654,146,154.0,4
2685,147,153.0,13
2737,141,149.0,18
2789,145,151.0,15
2814,109,115.0,16
2871,136,142.0,14
2944,135,144.0,13
3002,174,182.0,15
3024,153,158.0,44
3050,122,130.0,15
3091,190,inf,15
3138,170,176.0,19
3189,178,183.0,13
3211,124,131.0,13
3253,187,inf,15
3275,151,158.0,26
3304,154,158.0,14
3352,134,140.0,13
3386,158,166.0,18
3401,114,121.0,61
3455,166,174.0,14
3482,147,152.0,18
3535,186,inf,24
3577,145,152.0,24
3633,139,147.0,2
3691,133,142.0,1
3749,181,186.0,15
3783,159,164.0,13
3832,140,145.0,13
3892,174,181.0,13
3933,186,inf,13
3981,163,169.0,14
4029,141,144.0,15
4070,155,162.0,16
4100,160,166.0,30
4134,169,176.0,14
4181,163,169.0,13
4232,160,166.0,13
4244,175,182.0,139
4288,137,144.0,14
4317,150,160.0,38
4365,121,127.0,15
4433,189,inf,15
4476,127,135.0,13
4507,132,137.0,17
4568,183,187.0,13
4594,156,162.0,13
4626,158,164.0,13
4672,128,134.0,13
4692,166,170.0,148
4725,175,182.0,14
4774,145,157.0,14
4832,163,166.0,14
4884,147,155.0,13
4938,159,165.0,13
5002,154,162.0,1
5051,128,135.0,1
5110,143,145.0,1
5171,163,169.0,13
5219,150,157.0,13
5229,32,inf,19
5274,139,145.0,14
5307,157,163.0,20
5330,118,124.0,16
5384,155,157.0,13
5410,107,114.0,4
5436,126,130.0,66
5492,159,166.0,14
5538,154,159.0,14
5569,157,163.0,16
5609,91,97.0,13
5672,151,158.0,13
5706,159,164.0,3
5736,155,159.0,17
5787,147,152.0,14
5837,139,143.0,14
5858,43,inf,25
5873,127,135.0,49
5907,152,158.0,15
5959,162,176.0,13
6004,139,142.0,14
6032,143,150.0,41
6066,157,163.0,17
6116,153,160.0,17
6166,147,154.0,13
6218,171,179.0,13
6244,146,152.0,19
6285,151,156.0,13
6321,154,160.0,2
6349,145,152.0,14
6392,91,98.0,1
6454,172,179.0,1
6504,151,154.0,1
6559,139,145.0,13
6615,148,157.0,14
6664,157,163.0,14
6701,140,145.0,13
6755,166,173.0,13
6794,91,98.0,13
6851,134,143.0,15
6888,187,inf,26
6913,147,155.0,15
6965,135,144.0,15
7016,165,170.0,13
7022,19,inf,19
7050,187,inf,27
7079,176,185.0,15
7101,133,139.0,16
7126,91,97.0,1
7146,146,154.0,138
7182,165,170.0,1
7215,165,170.0,1
7269,169,179.0,1
7302,183,189.0,15
7317,98,105.0,26
7376,184,188.0,21
7402,151,159.0,13
7451,155,165.0,13
7481,145,152.0,13
7511,142,147.0,14
7546,175,182.0,16
7573,151,158.0,14
7607,178,184.0,17
7655,163,169.0,17
7714,172,175.0,13
7739,123,128.0,14
7777,175,181.0,25
7798,128,134.0,27
7830,145,152.0,19
7877,157,163.0,27
7922,143,145.0,13
7977,189,inf,13
7995,159,171.0,61
8044,158,164.0,17
8077,163,169.0,20
8092,170,175.0,115
8142,142,147.0,1
8202,122,124.0,1
8261,127,134.0,22
8319,170,181.0,13
8346,151,161.0,15
8376,145,150.0,16
8427,115,118.0,13
8474,141,147.0,2
8516,113,115.0,13
8584,172,180.0,14
8627,149,155.0,14
8663,154,161.0,15
8694,157,163.0,13
8719,133,143.0,16
8752,162,168.0,21
8778,146,153.0,27
8819,175,181.0,16
8844,139,146.0,17
8897,164,174.0,15
8922,136,142.0,28
8956,157,165.0,14
8979,131,133.0,31
9043,157,163.0,19
9102,163,169.0,13
9136,157,162.0,13
9185,149,151.0,20
9218,140,150.0,37
9268,169,177.0,27
9275,156,166.0,139
9304,173,179.0,17
9349,134,142.0,14
9403,169,177.0,17
9451,128,136.0,13
9487,157,164.0,23
9537,146,154.0,13
9567,157,166.0,13
9615,147,152.0,14
9658,115,125.0,20
9718,175,181.0,21
9761,131,137.0,14
9815,140,145.0,13
9828,70,inf,61
9864,98,107.0,13
9886,122,145.0,122
9933,169,181.0,13
9984,154,158.0,13
9995,46,inf,37
10005,112,118.0,66
10031,123,129.0,51
10077,106,112.0,15
10112,164,170.0,61
10136,123,130.0,15
10149,159,171.0,157
10199,164,173.0,15
10234,142,146.0,15
10253,168,174.0,150
10302,158,163.0,14
10343,75,77.0,14
10399,126,133.0,13
10450,133,144.0,16
10487,169,180.0,17
10493,33,inf,33
10539,145,156.0,1
10548,146,151.0,146
10577,145,151.0,15
10622,163,174.0,13
10683,167,174.0,13
10770,178,179.0,97
10799,121,127.0,15
10849,169,175.0,26
10898,157,162.0,13
10933,169,175.0,13
10954,70,inf,13
10997,153,158.0,13
11038,163,170.0,2
11089,169,175.0,14
11137,145,151.0,14
11184,133,139.0,19
11231,121,130.0,19
11262,121,127.0,13
11302,176,186.0,14
11328,145,154.0,17
11383,169,179.0,17
11436,188,inf,13
11461,152,158.0,14
11471,23,inf,14
11512,128,134.0,14
11552,98,104.0,20
11604,105,109.0,14
11637,116,121.0,15
11688,125,127.0,15
11730,127,133.0,13
11795,177,183.0,1
11852,176,178.0,14
11876,116,126.0,17
11932,145,158.0,13
11964,159,164.0,16
11993,155,161.0,17
12046,157,164.0,14
12102,187,inf,14
12152,181,188.0,13
12197,148,151.0,13
12248,148,151.0,13
12284,169,175.0,1
12314,163,169.0,13
12354,145,150.0,13
12401,121,125.0,13
12454,79,86.0,16
12483,177,184.0,110
12487,153,inf,153
12619,176,182.0,13
12639,133,143.0,22
12692,145,148.0,13
12750,161,168.0,15
12782,186,inf,16
12809,167,174.0,18
12837,187,inf,50
12877,120,126.0,18
12952,172,179.0,13
13007,131,134.0,13
13074,162,169.0,15
13103,161,168.0,20
13160,163,169.0,1
13208,145,160.0,14
13241,157,164.0,1
13290,136,143.0,15
13328,190,inf,17
13356,158,164.0,2
13410,187,inf,13
13446,98,108.0,13
13500,115,126.0,14
13514,67,inf,61
13538,150,159.0,13
13566,154,160.0,17
13610,121,128.0,13
13645,156,inf,14
13691,164,171.0,13
13717,140,151.0,16
13745,134,144.0,21
13777,162,169.0,26
13783,13,inf,13
13802,121,127.0,19
13835,121,129.0,17
13871,100,105.0,13
13897,169,179.0,110
13921,133,139.0,16
13956,159,171.0,17
13979,122,131.0,20
13997,85,95.0,54
14039,163,169.0,29
14063,147,150.0,13
14122,181,187.0,17
14140,116,122.0,25
14201,166,171.0,25
14248,160,166.0,25
14284,187,inf,29
14327,145,154.0,13
14381,149,152.0,13
14416,136,143.0,17
14478,180,184.0,13
14522,140,147.0,13
14556,159,165.0,14
14581,121,127.0,17
14601,67,inf,25
14613,139,148.0,73
14643,134,140.0,13
14668,133,140.0,49
14706,135,141.0,26
14765,146,153.0,1
14820,140,147.0,1
14855,163,176.0,16
14861,146,153.0,146
14877,171,180.0,131
14918,162,168.0,25
14954,100,105.0,25
15008,133,137.0,19
15069,170,181.0,20
15112,183,188.0,22
15152,115,122.0,13
15183,140,145.0,31
15220,187,inf,26
15268,128,131.0,18
15342,179,181.0,23
15366,123,128.0,14
15402,166,173.0,28
15440,144,148.0,25
15496,182,inf,13
15499,43,inf,37
15516,142,149.0,49
15564,135,142.0,14
15596,174,180.0,40
15638,152,157.0,17
15693,190,inf,15
15742,187,inf,14
15776,106,112.0,13
15820,145,151.0,13
15851,161,167.0,29
15896,130,141.0,14
15932,176,182.0,27
15956,160,173.0,15
16001,163,170.0,15
16057,187,inf,25
16103,155,159.0,1
16151,135,141.0,14
16184,133,143.0,14
16217,159,168.0,18
16247,121,127.0,15
16294,133,146.0,26
16344,97,104.0,2
16407,145,156.0,2
16454,134,146.0,13
16500,133,139.0,15
16533,145,148.0,14
16557,145,151.0,86
16584,146,152.0,38
16608,128,134.0,38
16623,119,inf,110
16662,125,129.0,14
16705,142,147.0,15
16733,121,131.0,14
16765,118,123.0,1
16818,95,99.0,3
16860,157,165.0,16
16897,114,118.0,25
16961,181,188.0,17
16989,121,127.0,19
17039,111,116.0,17
17104,162,169.0,15
17169,181,183.0,14
17185,34,inf,13
17197,94,107.0,25
17254,159,168.0,14
17304,134,141.0,13
17361,158,168.0,13
17407,177,182.0,25
17452,154,159.0,13
17482,150,155.0,17
17533,145,151.0,13
17563,146,151.0,15
17614,139,146.0,15
17632,130,137.0,84
17653,67,inf,14
17680,172,179.0,14
17728,137,139.0,15
17765,179,187.0,18
17791,148,151.0,16
17843,151,159.0,15
17887,113,117.0,13
17923,143,150.0,19
17954,150,155.0,13
18007,166,174.0,14
18036,164,171.0,13
18059,125,128.0,38
18106,167,172.0,16
18156,157,164.0,13
18183,134,140.0,14
18219,163,169.0,13
18232,131,134.0,111
18288,163,169.0,13
18341,152,157.0,13
18400,142,146.0,3
18435,164,170.0,19
18454,140,147.0,62
18467,140,145.0,125
18513,155,161.0,26
18556,150,160.0,15
18573,174,180.0,121
18623,176,181.0,15
18668,134,144.0,15
18727,181,188.0,14
18755,164,172.0,14
18764,148,163.0,130
18828,181,184.0,13
18890,188,inf,13
18895,72,inf,63
18913,146,151.0,76
18968,173,179.0,26
19011,141,145.0,14
19042,146,156.0,20
19071,140,151.0,16
19107,127,133.0,19
19129,153,158.0,99
19143,135,141.0,99
19179,163,169.0,17
19224,131,134.0,14
19278,125,130.0,14
19324,145,152.0,12
19364,173,178.0,14
19408,134,140.0,13
19439,145,151.0,61
19476,149,151.0,61
19529,153,159.0,16
19567,139,144.0,25
19601,122,138.0,19
19654,155,160.0,14
19683,164,172.0,19
19703,127,139.0,13
19739,117,120.0,37
19815,164,167.0,17
19884,187,inf,17
19912,175,183.0,13
19925,115,122.0,63
19975,141,150.0,13
20008,156,161.0,13
20063,172,184.0,13
20090,155,160.0,13
20118,139,147.0,14
20164,102,112.0,14
20200,133,139.0,14
20229,126,131.0,17
20285,153,157.0,13
20341,163,169.0,13
20369,145,155.0,14
20384,62,inf,15
20389,59,inf,42
20408,169,177.0,73
20437,157,164.0,16
20468,178,183.0,25
20500,185,inf,18
20547,150,157.0,13
20590,122,131.0,17
20609,131,137.0,91
20621,166,179.0,164
20653,176,187.0,14
20723,181,187.0,14
20775,164,173.0,13
20825,148,153.0,13
20856,147,158.0,16
20881,119,121.0,16
20940,127,136.0,1
20952,109,146.0,109
21011,141,146.0,1
21065,158,165.0,14
21095,116,121.0,13
21146,117,122.0,13
21199,131,138.0,13
21235,103,109.0,37
21261,139,145.0,63
21293,142,149.0,63
21361,169,179.0,13
21393,182,inf,13
21439,170,175.0,13
21470,169,178.0,13
21520,165,171.0,13
21534,158,168.0,109
21582,136,139.0,14
21645,160,166.0,13
21693,106,110.0,1
21751,110,116.0,1
21769,92,98.0,74
21829,157,164.0,13
21878,124,129.0,13
21934,121,129.0,13
21965,134,146.0,26
22017,145,155.0,13
22071,158,163.0,13
22100,145,150.0,15
22133,160,166.0,13
22183,187,inf,25
22219,133,140.0,25
22276,180,186.0,13
22287,67,73.0,15
22329,148,153.0,19
22367,116,120.0,26
22427,143,150.0,13
22473,122,127.0,13
22525,133,140.0,19
22588,157,163.0,1
22637,181,187.0,1
22666,177,182.0,13
22696,171,176.0,13
22703,93,99.0,83
22745,147,151.0,18
22756,135,147.0,124
22790,171,177.0,29
22797,181,inf,13
22824,151,160.0,3
22870,121,127.0,13
22916,121,132.0,20
22935,157,164.0,121
22957,151,157.0,61
22990,181,inf,61
22995,72,inf,63
23025,158,164.0,15
23046,72,inf,62
23071,133,139.0,15
23117,153,159.0,16
23140,106,113.0,15
23181,155,157.0,13
23215,171,176.0,13
23242,159,166.0,25
23268,139,145.0,25
23285,176,182.0,134
23324,104,111.0,14
23376,134,140.0,18
23423,127,133.0,24
23447,63,68.0,24
23486,73,80.0,13
23552,158,164.0,13
23580,153,160.0,25
23608,133,139.0,23
23628,34,inf,25
23669,105,111.0,13
23703,135,143.0,26
23722,176,183.0,132
23767,140,145.0,14
23803,181,187.0,17
23808,36,inf,13
23841,116,122.0,26
23878,159,164.0,15
23928,144,147.0,13
23961,124,127.0,28
24013,132,139.0,15
24065,172,178.0,19
24096,180,186.0,18
24143,152,157.0,13
24196,182,inf,19
24239,161,168.0,21
24293,171,177.0,15
24330,114,120.0,20
24354,177,183.0,135
24397,164,169.0,26
24424,107,113.0,26
24483,153,159.0,15
24534,157,163.0,13
24589,157,160.0,13
24640,145,153.0,15
24668,140,145.0,25
24722,134,140.0,15
24758,175,182.0,25
24793,116,122.0,26
24827,135,141.0,15
24882,146,154.0,15
24914,152,161.0,18
24923,31,inf,23
24937,109,116.0,37
24994,154,163.0,13
25026,187,inf,54
25028,151,168.0,151
25080,151,160.0,13
25097,118,124.0,61
25136,151,159.0,14
25184,134,140.0,14
25236,133,139.0,13
25268,143,154.0,17
25293,133,144.0,40
25343,164,167.0,36
25398,150,155.0,1
25451,187,inf,13
25484,135,142.0,17
25518,148,156.0,17
25552,157,169.0,3
25582,158,163.0,13
25615,182,189.0,13
25645,178,185.0,17
25669,170,179.0,49
25718,158,163.0,13
25758,125,132.0,13
25787,115,123.0,13
25818,122,131.0,13
25853,146,152.0,15
25907,170,176.0,13
25956,145,148.0,16
26009,127,132.0,16
26083,182,188.0,1
26133,146,153.0,1
26186,166,171.0,41
26234,164,177.0,13
26245,158,164.0,125
26289,154,158.0,14
26335,133,142.0,26
26364,122,128.0,15
26397,133,139.0,13
26420,98,103.0,26
26478,162,169.0,14
26503,131,134.0,13
26527,119,123.0,13
26553,189,inf,109
26600,165,168.0,13
26656,177,179.0,13
26684,135,141.0,6
26723,181,189.0,14
26745,141,147.0,29
26797,145,154.0,13
26839,117,119.0,14
26932,179,183.0,3
26943,67,inf,25
26957,149,152.0,73
26987,139,146.0,14
27017,133,143.0,17
27082,182,189.0,2
27103,110,119.0,3
27177,190,inf,13
27183,164,169.0,13
27230,157,164.0,14
27276,115,121.0,13
27290,158,165.0,158
27320,139,147.0,13
27369,128,135.0,13
27395,181,inf,13
27420,182,188.0,14
27455,98,103.0,14
27487,139,149.0,61
27532,154,160.0,18
27579,139,147.0,14
27631,169,175.0,14
27680,158,165.0,14
27719,100,106.0,15
27761,171,179.0,14
27790,172,179.0,18
27794,164,170.0,164
27835,163,169.0,13
27983,154,156.0,13
28020,167,173.0,18
28075,157,163.0,1
28131,145,151.0,1
28159,133,144.0,13
28187,115,124.0,16
28207,133,142.0,100
28231,135,141.0,50
28261,139,146.0,25
28284,98,107.0,13
28324,170,175.0,13
28349,133,141.0,14
28402,182,inf,14
28448,172,182.0,14
28478,181,187.0,17
28499,134,149.0,26
28553,145,155.0,13
28608,172,174.0,13
28624,103,109.0,49
28655,107,111.0,18
28689,133,139.0,19
28740,163,169.0,25
28788,170,176.0,25
28830,147,151.0,25
28860,145,152.0,49
28871,126,131.0,109
28908,160,167.0,13
28953,149,163.0,14
29000,170,176.0,25
29046,168,170.0,25
29073,166,172.0,42
29120,162,168.0,13
29131,144,158.0,111
29140,152,inf,145
29188,157,163.0,15
29242,154,157.0,15
29301,168,174.0,15
29344,162,174.0,15
29373,158,166.0,13
29426,182,188.0,13
29455,182,inf,15
29474,145,153.0,46
29521,147,153.0,15
29532,151,157.0,133
29582,159,167.0,13
29630,151,161.0,13
29667,189,inf,15
29694,178,182.0,25
29741,157,164.0,13
29778,127,133.0,13
29843,166,169.0,13
29876,157,166.0,21
29884,55,inf,49
29906,177,181.0,61
29956,160,167.0,17
29987,139,147.0,17
30019,146,155.0,14
30084,187,inf,15
30105,127,134.0,17
30149,159,164.0,25
30192,123,129.0,15
30247,171,174.0,15
30271,109,116.0,14
30329,155,160.0,14
30354,147,153.0,26
30375,87,95.0,16
30438,170,176.0,16
30468,175,181.0,13
30511,127,135.0,16
30545,127,135.0,14
30615,160,162.0,13
30643,116,122.0,14
30713,165,166.0,109
30779,121,127.0,14
30922,175,181.0,13
30948,145,151.0,13
30969,134,140.0,68
31007,85,88.0,1
31087,136,139.0,13
31141,132,135.0,15
31186,152,157.0,18
31222,187,inf,15
31244,140,146.0,14
31295,159,164.0,14
31341,145,155.0,19
31395,145,156.0,1
31498,145,157.0,1
31551,140,147.0,1
31606,176,184.0,16
31616,170,178.0,170
31638,139,145.0,14
31662,107,111.0,20
31681,151,157.0,134
31735,169,176.0,14
31787,164,166.0,15
31838,133,140.0,13
31894,174,180.0,13
31934,110,119.0,13
31994,157,163.0,13
32024,157,164.0,18
32065,140,145.0,18
32095,142,149.0,19
32121,123,131.0,13
32145,169,177.0,86
32173,171,178.0,25
32198,154,160.0,30
32254,175,181.0,13
32301,158,164.0,13
32322,156,158.0,109
32357,154,160.0,5
32398,179,188.0,25
32446,170,177.0,15
32475,159,168.0,17
32498,124,131.0,14
32513,118,inf,61
32558,151,158.0,14
32603,178,183.0,26
32644,169,178.0,13
32674,152,158.0,22
32707,168,171.0,17
32728,129,133.0,22
32781,150,157.0,13
32832,145,147.0,16
32862,139,145.0,61
32906,150,158.0,13
32938,157,162.0,15
32982,119,124.0,13
33038,151,159.0,14
33089,153,159.0,13
33118,141,151.0,25
33153,169,175.0,14
33166,73,83.0,14
33229,151,158.0,15
33356,181,188.0,13
33384,164,170.0,13
33435,155,161.0,14
33470,187,inf,25
33499,163,170.0,3
33551,169,179.0,13
33599,159,166.0,13
33621,109,inf,15
33659,141,148.0,22
33705,134,141.0,19
33746,151,159.0,40
33773,148,155.0,13
33794,116,121.0,37
33839,103,110.0,13
33918,146,155.0,14
33969,150,156.0,13
34021,159,167.0,16
34032,137,150.0,100
34082,157,164.0,13
34110,129,135.0,16
34171,175,181.0,15
34199,159,167.0,14
34260,176,179.0,14
34303,164,171.0,13
34357,159,164.0,16
34477,126,132.0,13
34533,155,162.0,16
34549,159,166.0,109
34576,137,143.0,17
34605,132,137.0,17
34655,153,160.0,18
34675,82,88.0,4
34727,181,187.0,16
34761,133,145.0,16
34792,145,158.0,13
34842,123,126.0,13
34861,165,168.0,154
34890,171,177.0,15
34908,148,154.0,66
34935,163,169.0,49
34991,163,167.0,13
35029,181,190.0,13
35083,164,169.0,13
35093,38,inf,27
35131,149,155.0,26
35154,110,116.0,23
35208,128,134.0,13
35242,148,154.0,13
35302,177,180.0,13
35345,137,143.0,19
35385,171,177.0,13
35428,139,145.0,15
35488,140,146.0,15
35535,169,175.0,14
35577,157,164.0,25
35629,159,164.0,25
35663,138,140.0,1
35718,161,172.0,13
35763,181,188.0,13
35802,114,117.0,15
35846,111,115.0,17
35897,148,152.0,39
35932,171,183.0,16
35985,186,inf,13
36030,146,148.0,13
36066,132,138.0,13
36098,171,177.0,13
36108,155,159.0,125
36132,134,141.0,38
36146,32,inf,13
36187,130,135.0,15
36216,116,122.0,14
36251,158,164.0,29
36282,165,170.0,15
36333,158,165.0,15
36358,157,164.0,53
36409,172,179.0,19
36437,163,167.0,13
36487,151,157.0,13
36533,112,123.0,13
36585,132,134.0,13
36637,152,158.0,13
36688,177,182.0,27
36729,153,159.0,27
36746,145,155.0,86
36777,157,165.0,14
36823,164,170.0,25
36870,164,170.0,26
36916,164,170.0,20
36952,92,inf,17
36992,129,135.0,15
37036,108,110.0,13
37087,121,129.0,13
37131,187,inf,1
37184,169,176.0,1
37207,158,164.0,49
37215,178,185.0,174
37247,112,118.0,25
37325,189,inf,15
37382,181,187.0,13
37437,172,178.0,13
37466,146,154.0,15
37520,170,177.0,13
37562,125,129.0,14
37622,175,182.0,25
37646,147,153.0,29
37686,157,165.0,19
37723,151,157.0,1
37773,140,143.0,13
37837,170,177.0,13
37871,177,182.0,3
37931,160,162.0,13
37967,148,151.0,3
38029,160,167.0,3
38071,139,146.0,15
38101,148,153.0,17
38148,134,142.0,17
38185,176,181.0,14
38209,147,155.0,26
38241,155,159.0,17
38271,155,159.0,14
38319,133,140.0,14
38369,164,170.0,27
38391,109,120.0,14
38424,71,inf,14
38468,157,163.0,14
38527,176,188.0,13
38555,163,171.0,14
38572,182,188.0,111
38612,121,131.0,13
38634,181,187.0,131
38641,151,160.0,126
38691,159,164.0,13
38721,163,170.0,17
38747,136,144.0,15
38776,157,164.0,49
38816,188,inf,13
38857,110,117.0,16
38884,133,147.0,25
38942,181,185.0,13
38988,143,146.0,13
39027,166,177.0,13
39056,150,162.0,13
39108,175,185.0,14
39149,135,137.0,14
39198,113,115.0,14
39262,141,145.0,13
39319,178,181.0,13
39346,159,168.0,28
39362,117,130.0,59
39429,175,181.0,13
39480,177,183.0,13
39528,146,155.0,13
39569,118,124.0,19
39618,127,130.0,19
39679,134,139.0,13
39702,187,inf,117
39746,154,159.0,13
39778,159,164.0,15
39809,162,168.0,18
39860,170,182.0,13
39893,97,102.0,26
39943,133,145.0,25
40008,152,157.0,6
40069,174,181.0,6
40114,142,145.0,13
40144,133,140.0,13
40177,145,151.0,14
40205,82,inf,25
40233,169,174.0,15
40253,166,175.0,66
40295,134,143.0,19
40348,170,175.0,18
40376,159,166.0,13
40404,128,134.0,2
40463,140,149.0,2
40482,35,inf,17
40517,164,170.0,38
40551,182,188.0,14
40574,136,141.0,15
40630,169,175.0,13
40668,109,115.0,13
40698,168,173.0,66
40730,175,180.0,17
40782,181,187.0,13
40837,181,187.0,13
40840,122,145.0,122
40871,175,187.0,17
40878,188,inf,164
40925,176,182.0,18
40957,87,94.0,27
41009,123,131.0,27
41058,145,148.0,27
41113,109,114.0,7
41149,133,139.0,9
41203,181,187.0,1
41231,166,172.0,18
41256,136,144.0,13
41294,183,188.0,13
41320,150,157.0,13
41375,127,131.0,13
41407,136,143.0,84
41430,145,151.0,81
41484,164,169.0,13
41511,150,156.0,24
41556,121,129.0,13
41614,151,155.0,13
41645,150,157.0,14
41661,158,168.0,109
41716,183,189.0,13
41761,92,inf,2
41802,92,inf,2
41847,116,122.0,5
41891,73,78.0,13
41928,116,122.0,31
41968,171,176.0,15
42017,122,131.0,2
42061,181,187.0,14
42086,182,inf,19
42128,97,109.0,1
42171,110,inf,13
42191,124,130.0,16
42221,116,124.0,18
42262,181,inf,13
42269,130,136.0,103
42310,117,124.0,25
42362,137,143.0,13
42397,170,176.0,25
42445,180,182.0,13
42471,161,168.0,22
42504,150,153.0,28
42562,157,163.0,13
42606,170,175.0,13
42648,140,145.0,13
42688,164,176.0,16
42717,165,169.0,26
42773,181,186.0,26
42796,143,149.0,28
42829,171,176.0,19
42858,176,182.0,13
42907,164,171.0,13
42958,169,176.0,14
42980,168,181.0,151
43023,185,188.0,26
43071,181,188.0,18
43118,156,161.0,13
43168,172,177.0,14
43203,181,189.0,17
43246,124,132.0,14
43272,129,135.0,13
43328,146,148.0,13
43392,155,158.0,13
43448,163,169.0,13
43503,131,134.0,13
43538,97,104.0,13
43580,152,157.0,1
43609,139,147.0,15
43618,148,157.0,148
43669,178,184.0,19
43690,132,137.0,13
43753,167,171.0,1
43789,177,184.0,51
43795,38,inf,27
43813,110,116.0,16
43872,174,179.0,14
43894,163,169.0,63
43919,116,122.0,1
43969,134,140.0,1
44001,128,134.0,3
44034,139,145.0,15
44081,124,131.0,13
44142,186,inf,13
44188,148,155.0,13
44232,148,154.0,25
44262,140,146.0,14
44316,173,179.0,18
44350,170,176.0,14
44400,151,155.0,13
44454,144,148.0,13
44506,169,179.0,13
44526,110,115.0,13
44584,145,151.0,13
44638,164,169.0,13
44689,166,172.0,14
44722,178,186.0,17
44730,133,140.0,110
44790,169,176.0,13
44823,103,115.0,13
44845,37,inf,37
44890,153,159.0,14
44942,146,153.0,3
44973,116,123.0,3
45002,107,113.0,15
45020,33,181.0,15
45034,157,169.0,98
45078,128,134.0,15
45138,177,185.0,13
45165,159,173.0,19
45180,142,inf,117
45227,163,170.0,15
45243,175,181.0,117
45297,151,156.0,15
45346,119,122.0,15
45397,159,165.0,13
45405,68,inf,62
45452,158,164.0,13
45462,70,inf,62
45482,122,127.0,15
45540,133,144.0,15
45595,159,168.0,15
45643,143,148.0,13
45679,169,180.0,13
45724,133,140.0,13
45779,151,159.0,19
45833,170,176.0,15
45886,174,179.0,15
45910,136,142.0,17
45938,130,135.0,27
45968,147,151.0,27
46004,169,174.0,1
46031,177,183.0,45
46072,134,139.0,13
46113,109,115.0,25
46157,177,181.0,1
46214,174,176.0,13
46266,179,inf,14
46309,178,183.0,13
46356,157,164.0,15
46405,151,157.0,15
46456,177,180.0,18
46481,132,139.0,13
46536,147,151.0,13
46568,156,164.0,14
46602,182,inf,13
46644,150,155.0,15
46674,147,155.0,14
46701,134,143.0,16
46730,121,128.0,18
46768,164,169.0,1
46820,170,176.0,13
46845,145,155.0,20
46854,163,174.0,157
46904,169,181.0,1
46935,135,140.0,14
46947,177,181.0,157
46961,168,175.0,102
47015,165,171.0,1
47061,134,147.0,13
47086,103,115.0,14
47123,154,160.0,21
47155,165,170.0,13
47195,136,143.0,14
47224,150,155.0,28
47260,85,91.0,25
47301,151,164.0,13
47341,172,180.0,13
47394,172,180.0,13
47402,58,inf,49
47432,174,181.0,2
47475,144,150.0,14
47528,160,168.0,14
47551,122,129.0,15
47603,145,150.0,15
47646,160,168.0,17
47693,166,174.0,14
47748,181,188.0,14
47786,141,147.0,13
47813,143,150.0,41
47846,151,159.0,13
47877,153,160.0,13
47907,180,186.0,41
47955,165,172.0,14
47985,157,162.0,1
48032,133,144.0,15
48044,156,161.0,146
48071,130,135.0,16
48097,168,173.0,168
48126,157,163.0,18
48182,188,inf,13
48190,91,inf,59
48218,169,182.0,17
48240,136,143.0,18
48273,151,159.0,13
48326,159,166.0,13
48340,66,inf,50
48379,124,127.0,15
48481,64,inf,13
48503,146,153.0,26
48560,160,164.0,13
48616,130,134.0,2
48676,133,142.0,2
48738,187,inf,14
48760,135,140.0,14
48811,128,135.0,14
48824,132,inf,121
48875,164,166.0,16
48921,133,142.0,13
48967,154,158.0,15
48996,139,147.0,15
49023,133,143.0,33
49060,163,169.0,1
49112,173,177.0,13
49181,174,177.0,13
49226,131,135.0,13
49273,135,146.0,13
49324,151,157.0,13
49381,175,181.0,14
49426,127,133.0,13
49474,129,131.0,13
49529,158,160.0,49
49572,137,143.0,14
49587,167,172.0,137
49616,157,164.0,13
49648,163,171.0,17
49674,137,143.0,17
49713,166,173.0,13
49730,157,162.0,85
49792,187,inf,2
49830,188,inf,25
49851,150,157.0,13
49882,171,178.0,28
49919,110,113.0,13
49993,172,180.0,14
50043,167,172.0,14
50093,145,154.0,14
50126,164,170.0,13
50167,108,114.0,13
50226,162,168.0,13
50274,171,183.0,13
50299,177,182.0,49
50307,157,166.0,138
50335,145,151.0,13
50388,157,163.0,13
50414,162,174.0,49
50441,130,135.0,1
50500,169,179.0,14
50552,171,179.0,14
50606,179,181.0,14
50640,187,inf,14
50662,130,134.0,17
50693,71,inf,14
50747,170,175.0,13
50776,150,157.0,13
50808,174,186.0,13
50825,82,inf,14
50871,176,182.0,14
50910,184,190.0,13
50962,180,184.0,13
50988,158,164.0,26
51013,137,140.0,13
51073,175,182.0,13
51117,157,164.0,13
51159,146,151.0,25
51184,168,174.0,72
51203,100,107.0,13
51237,121,127.0,14
51268,131,137.0,16
51329,154,159.0,1
51352,100,105.0,14
51391,135,139.0,17
51421,71,inf,14
51448,154,159.0,1
51476,188,inf,63
51497,176,184.0,63
51534,156,159.0,63
51548,56,inf,50
51561,146,150.0,62
51594,167,170.0,18
51626,174,179.0,13
51688,165,174.0,13
51712,140,146.0,44
51739,175,180.0,72
51794,165,172.0,1
51835,133,141.0,14
51887,188,inf,14
51894,135,144.0,105
51910,99,inf,51
51923,128,134.0,61
51980,178,184.0,13
52028,160,166.0,13
52056,153,161.0,21
52077,156,160.0,70
52106,128,133.0,69
52159,167,172.0,13
52179,134,139.0,49
52226,169,175.0,19
52267,158,164.0,13
52293,131,137.0,18
52333,188,inf,19
52361,169,175.0,17
52389,160,162.0,13
52419,157,163.0,14
52467,149,155.0,13
52521,136,141.0,13
52543,34,inf,16
52569,145,156.0,1
52628,159,168.0,1
52693,159,165.0,2
52747,182,188.0,25
52768,121,129.0,14
52821,157,166.0,14
52849,133,141.0,14
52898,128,133.0,17
52951,137,141.0,14
52986,103,109.0,16
53005,139,147.0,125
53057,165,171.0,15
53117,189,inf,15
53172,186,189.0,15
53200,166,169.0,13
53227,149,154.0,15
53255,145,153.0,26
53288,160,167.0,18
53309,116,inf,26
53325,136,147.0,13
53375,145,151.0,15
53405,134,139.0,39
53455,157,164.0,13
53496,181,188.0,31
53546,146,151.0,1
53593,126,127.0,2
53640,157,163.0,13
53661,122,129.0,37
53708,151,159.0,13
53743,117,125.0,31
53802,154,160.0,15
53834,165,171.0,18
53881,139,145.0,13
53921,158,164.0,14
53938,34,inf,13
53955,182,inf,86
53976,169,175.0,86
54019,121,125.0,13
54085,130,136.0,14
54135,145,154.0,15
54187,152,158.0,15
54222,177,182.0,13
54257,162,170.0,16
54274,72,inf,39
54279,24,inf,14
54299,138,150.0,29
54330,147,157.0,19
54382,176,181.0,15
54424,134,141.0,13
54469,124,130.0,19
54509,169,175.0,19
54532,121,132.0,13
54584,127,140.0,13
54614,132,137.0,18
54664,128,136.0,13
54700,163,171.0,20
54731,130,136.0,37
54775,152,157.0,13
54806,145,151.0,1
54863,161,165.0,13
54917,134,143.0,17
54969,145,150.0,17
55025,134,139.0,14
55083,155,158.0,14
55138,142,148.0,1
55152,181,187.0,157
55176,157,164.0,36
55219,109,115.0,13
55284,168,170.0,16
55327,133,140.0,13
55387,160,163.0,13
55405,166,171.0,147
55419,163,169.0,133
55474,157,163.0,1
55525,127,133.0,4
55596,155,156.0,1
55629,105,112.0,16
55666,147,156.0,17
55692,130,139.0,29
55795,160,163.0,13
55850,158,160.0,14
55877,110,114.0,13
55930,123,128.0,13
55995,170,176.0,26
56019,132,137.0,13
56034,110,118.0,88
56091,176,182.0,27
56096,33,inf,26
56118,161,167.0,39
56147,151,159.0,14
56174,149,155.0,28
56204,150,157.0,19
56236,115,121.0,13
56288,109,115.0,13
56303,68,inf,68
56337,80,87.0,14
56371,187,inf,127
56380,106,114.0,62
56405,169,175.0,150
56411,129,inf,124
56421,155,160.0,13
56448,151,173.0,15
56464,116,121.0,49
56492,139,145.0,49
56519,120,124.0,18
56574,154,164.0,13
56628,169,173.0,13
56674,121,127.0,13
56688,157,164.0,157
56714,157,163.0,42
56743,157,163.0,13
56794,183,186.0,13
56843,182,187.0,13
56862,145,153.0,51
56895,146,152.0,1
56979,145,150.0,13
57034,133,140.0,14
57069,182,188.0,26
57114,141,144.0,15
57148,161,166.0,54
57176,145,154.0,17
57235,136,141.0,17
57298,185,inf,26
57337,115,122.0,13
57385,151,158.0,17
57446,168,174.0,15
57454,32,184.0,14
57491,103,114.0,13
57520,92,98.0,13
57584,145,153.0,1
57615,172,178.0,31
57658,118,123.0,13
57688,181,188.0,85
57713,148,151.0,14
57752,169,178.0,25
57782,170,177.0,17
57831,157,162.0,13
57892,175,180.0,13
57929,98,106.0,13
57964,137,143.0,17
57977,165,171.0,157
58026,145,150.0,13
58072,121,127.0,13
58101,109,116.0,16
58129,89,99.0,14
58193,159,173.0,14
58198,172,180.0,172
58217,166,171.0,82
58264,141,148.0,13
58314,123,131.0,13
58345,145,152.0,49
58401,179,187.0,14
58455,163,168.0,7
58483,115,121.0,13
58517,140,146.0,14
58545,127,130.0,73
58573,70,inf,49
58582,70,inf,49
58611,157,160.0,73
58630,70,inf,49
58639,70,inf,49
58648,70,inf,49
58657,70,inf,49
58666,70,inf,49
58675,70,inf,49
58699,133,141.0,1
58731,151,157.0,26
58785,178,183.0,14
58813,87,93.0,14
58879,183,inf,13
58909,100,104.0,14
58962,149,155.0,29
59016,163,169.0,17
59037,181,inf,144
59075,110,117.0,13
59118,145,151.0,13
59144,128,134.0,25
59195,153,157.0,25
59254,169,174.0,25
59291,187,inf,14
59311,124,131.0,16
59335,166,172.0,88
59376,122,127.0,1
59416,127,133.0,1
59474,136,142.0,15
59522,142,148.0,15
59549,114,123.0,13
59587,123,130.0,25
59602,19,inf,7
59621,127,133.0,25
59632,150,177.0,124
59679,153,163.0,13
59730,170,178.0,14
59777,150,175.0,14
59827,139,142.0,14
59874,158,167.0,24
59923,169,176.0,25
59950,157,165.0,26
59976,134,139.0,15
60003,116,123.0,15
60070,181,187.0,1
60095,157,163.0,25
60129,175,181.0,18
60157,170,179.0,25
60209,181,186.0,13
60263,170,172.0,16
60299,188,inf,26
60320,157,163.0,39
60363,121,127.0,13
60404,102,109.0,13
60468,164,170.0,14
60481,56,inf,13
60507,157,164.0,25
60556,181,187.0,25
60600,164,169.0,25
60616,150,157.0,98
60648,158,165.0,15
60679,157,165.0,1
60688,127,129.0,111
60726,179,181.0,13
60736,169,182.0,133
60744,158,163.0,133
60805,170,178.0,1
60856,121,129.0,1
60892,159,164.0,13
60953,175,179.0,14
61013,169,175.0,1
61042,170,176.0,26
61069,133,141.0,2
61083,159,165.0,135
61141,173,176.0,13
61199,165,168.0,13
61212,32,181.0,14
61270,187,inf,1
61311,161,168.0,13
61330,163,170.0,85
61358,181,187.0,49
61381,133,144.0,15
61410,125,131.0,17
61474,170,173.0,13
61516,112,115.0,13
61570,166,169.0,1
61606,188,inf,1
61647,139,148.0,14
61708,170,175.0,2
61729,105,110.0,1
61792,140,147.0,1
61804,145,169.0,121
61841,124,159.0,13
61886,157,163.0,13
61917,153,157.0,13
61984,182,inf,13
62008,150,154.0,13
62017,31,inf,20
62034,123,130.0,25
62080,160,166.0,16
62132,168,173.0,13
62193,170,180.0,2
62215,118,126.0,17
62270,133,140.0,14
62321,147,151.0,1
62352,148,154.0,15
62404,146,151.0,4
62456,157,164.0,1
62510,146,154.0,3
62561,123,129.0,3
62593,134,141.0,18
62642,118,inf,3
62668,158,163.0,13
62683,67,150.0,13
62716,150,159.0,13
62746,151,158.0,13
62773,160,166.0,40
62823,158,161.0,19
62879,141,148.0,14
62939,187,inf,14
62980,155,160.0,13
63005,139,146.0,15
63041,176,181.0,14
63070,153,164.0,52
63098,139,146.0,13
63147,170,179.0,13
63198,170,177.0,13
63232,187,inf,16
63254,151,159.0,13
63310,182,inf,13
63313,109,117.0,97
63357,133,143.0,14
63406,115,121.0,14
63426,169,176.0,19
63475,181,inf,13
63498,140,147.0,15
63528,139,145.0,13
63564,130,135.0,16
63610,187,inf,13
63623,158,163.0,13
63649,147,172.0,13
63676,145,155.0,16
63744,161,165.0,13
63799,168,173.0,15
63851,159,165.0,15
63872,160,167.0,73
63903,157,168.0,18
63925,115,122.0,21
63981,151,157.0,18
64033,157,165.0,14
64059,134,142.0,13
64091,161,166.0,13
64111,101,107.0,16
64139,81,89.0,18
64197,147,164.0,15
64235,86,94.0,15
64260,133,139.0,102
64316,155,160.0,13
64323,171,177.0,171
64365,129,139.0,13
64415,139,148.0,13
64453,154,157.0,14
64509,189,inf,13
64537,178,181.0,14
64562,145,150.0,19
64613,145,151.0,14
64638,113,118.0,13
64698,149,152.0,14
64746,130,136.0,25
64793,133,140.0,25
64826,150,156.0,18
64845,145,152.0,136
64854,152,163.0,136
64920,189,inf,13
64967,150,157.0,13
65007,133,142.0,14
65064,150,154.0,14
65101,148,155.0,17
65122,87,93.0,16
65188,170,176.0,13
65219,170,179.0,17
65267,157,164.0,13
65320,157,164.0,13
65376,134,139.0,17
65407,133,141.0,15
65457,126,131.0,15
65492,138,144.0,13
65502,156,166.0,139
65524,129,141.0,16
65555,130,137.0,17
65569,188,inf,169
65572,176,181.0,169
65599,149,166.0,14
65653,157,167.0,14
65680,146,152.0,26
65711,105,112.0,28
65746,153,162.0,38
65791,151,161.0,21
65825,179,185.0,15
65830,51,inf,27
65871,159,168.0,21
65893,124,130.0,28
65922,122,127.0,25
65975,135,139.0,14
66008,147,153.0,16
66053,159,166.0,26
66084,172,179.0,13
66133,164,172.0,17
66153,164,172.0,76
66184,158,164.0,13
66245,188,inf,4
66258,174,183.0,104
66304,157,163.0,13
66343,176,183.0,15
66348,153,158.0,146
66395,140,145.0,13
66444,129,133.0,13
66476,73,inf,18
66511,99,104.0,16
66549,139,147.0,18
66602,149,158.0,15
66659,176,182.0,15
66697,110,119.0,15
66754,181,190.0,14
66773,109,115.0,14
66835,181,187.0,13
66884,172,184.0,13
66928,134,140.0,14
66953,115,118.0,13
67001,153,159.0,16
67034,163,170.0,16
67058,121,130.0,13
67074,134,143.0,112
67104,129,135.0,15
67135,132,140.0,17
67162,107,111.0,17
67179,187,inf,164
67226,170,175.0,14
67252,139,146.0,15
67294,170,179.0,26
67319,121,128.0,3
67354,150,154.0,18
67401,160,166.0,25
67442,157,163.0,27
67484,134,139.0,27
67515,79,86.0,26
67569,135,139.0,19
67627,184,inf,18
67653,166,170.0,20
67701,157,168.0,20
67750,161,168.0,20
67779,118,121.0,26
67815,164,173.0,26
67857,127,135.0,13
67914,157,163.0,15
67939,126,133.0,13
67994,158,165.0,13
68004,49,inf,25
68033,156,162.0,26
68085,158,163.0,15
68135,155,158.0,15
68189,158,164.0,15
68220,122,130.0,26
68273,143,150.0,17
68321,142,149.0,15
68334,139,151.0,121
68369,150,159.0,1
68419,141,144.0,13
68437,159,164.0,159
68487,152,157.0,15
68531,103,110.0,15
68599,170,173.0,15
68628,135,142.0,17
68679,172,175.0,17
68725,142,147.0,13
68760,187,inf,37
68762,181,187.0,181
68765,57,inf,57
68776,124,129.0,63
68792,163,169.0,133
68836,146,151.0,1
68882,157,163.0,1
68935,171,177.0,14
68984,160,165.0,14
69034,156,159.0,14
69093,178,182.0,17
69118,153,160.0,13
69147,147,153.0,15
69168,89,96.0,15
69208,152,159.0,15
69245,143,150.0,17
69283,187,inf,15
69328,174,185.0,14
69370,134,146.0,14
69404,163,164.0,13
69434,163,168.0,17
69476,142,147.0,24
69505,146,150.0,13
69553,129,134.0,16
69602,129,131.0,16
69629,165,172.0,112
69639,187,inf,157
69669,184,190.0,15
69715,187,inf,25
69757,156,161.0,20
69786,145,151.0,14
69816,143,148.0,18
69849,58,157.0,13
69892,122,128.0,16
69925,135,142.0,13
69955,166,171.0,13
69992,141,147.0,13
70026,151,159.0,14
70056,146,153.0,13
70111,175,187.0,13
70138,146,155.0,13
70196,187,inf,13
70224,113,119.0,26
70292,175,184.0,15
70333,119,124.0,17
70392,160,168.0,17
70434,175,182.0,13
70486,136,143.0,13
70554,189,inf,13
70597,128,137.0,15
70630,139,146.0,17
70640,160,168.0,160
70667,133,142.0,17
70723,175,181.0,15
70748,139,145.0,1
70777,126,140.0,14
70827,117,122.0,13
70883,152,157.0,17
70915,142,149.0,13
70946,143,150.0,13
71017,188,inf,13
71048,188,inf,16
71062,121,128.0,49
71078,151,160.0,133
71096,178,183.0,114
71107,133,138.0,103
71170,153,158.0,13
71190,121,inf,37
71192,16,inf,16
71195,43,inf,36
71245,181,187.0,13
71273,163,169.0,13
71323,135,138.0,13
71370,64,67.0,1
71409,99,104.0,13
71446,136,142.0,16
71498,155,161.0,14
71520,92,inf,1
71532,157,164.0,102
71558,130,141.0,15
71595,170,177.0,17
71624,133,140.0,16
71678,152,160.0,13
71735,176,181.0,13
71754,106,110.0,13
71815,165,170.0,15
71836,117,132.0,25
71886,139,145.0,14
71924,179,185.0,16
71954,169,179.0,13
72009,109,113.0,13
72084,173,178.0,14
72126,133,141.0,18
72175,121,128.0,15
72215,157,163.0,14
72262,135,139.0,14
72318,149,153.0,15
72367,123,128.0,19
72420,169,175.0,19
72444,131,137.0,22
72480,160,166.0,16
72525,169,172.0,16
72575,167,172.0,15
72619,122,128.0,13
72648,98,108.0,1
72703,114,119.0,1
72772,186,inf,14
72825,136,141.0,1
72881,148,156.0,21
72932,152,157.0,13
72976,165,171.0,25
73025,153,156.0,25
73066,175,187.0,15
73096,180,184.0,16
73118,121,inf,13
73136,139,147.0,43
73184,166,175.0,22
73233,158,164.0,2
73274,140,146.0,25
73320,135,149.0,15
73370,148,166.0,13
73409,147,153.0,13
73452,134,147.0,26
73484,150,154.0,18
73521,187,inf,13
73523,179,inf,179
73545,148,155.0,24
73600,169,175.0,17
73625,136,144.0,14
73652,118,124.0,18
73699,140,148.0,25
73738,115,inf,25
73762,148,156.0,17
73788,128,133.0,20
73823,161,162.0,13
73873,181,187.0,25
73912,86,96.0,1
73980,157,165.0,1
74034,127,133.0,1
74074,188,inf,15
74097,139,147.0,13
74129,148,155.0,15
74182,165,176.0,14
74239,189,inf,14
74265,157,166.0,18
74294,147,155.0,13
74331,183,inf,14
74356,155,161.0,14
74380,110,115.0,14
74438,158,163.0,14
74494,189,inf,14
74518,158,166.0,14
74532,132,137.0,88
74570,176,182.0,15
74594,142,148.0,13
74646,155,160.0,13
74692,140,146.0,13
74710,178,181.0,125
74767,181,189.0,1
74790,181,inf,51
74795,45,inf,28
74837,133,139.0,13
74860,133,143.0,64
74891,128,134.0,4
74926,152,158.0,15
74982,170,173.0,15
75020,84,90.0,13
75050,69,inf,3
75078,170,179.0,18
75082,22,inf,22
75124,143,146.0,23
75169,176,182.0,14
75215,163,170.0,16
75259,147,151.0,16
75315,182,inf,13
75321,181,188.0,157
75338,146,156.0,86
75364,177,180.0,86
75388,137,142.0,17
75426,189,inf,21
75469,144,147.0,21
75508,155,160.0,13
75527,86,91.0,13
75567,142,151.0,14
75616,136,141.0,13
75643,136,141.0,25
75671,182,190.0,73
75712,159,167.0,25
75764,180,183.0,25
75795,174,186.0,14
75840,148,156.0,13
75897,161,164.0,13
75932,164,175.0,17
75951,91,97.0,13
75994,175,181.0,26
76038,157,163.0,26
76090,180,185.0,13
76114,141,147.0,13
76145,164,170.0,38
76158,67,inf,25
76173,169,179.0,73
76193,117,124.0,27
76238,122,128.0,25
76280,106,110.0,22
76339,157,163.0,13
76384,162,169.0,26
76415,188,inf,37
76453,109,115.0,20
76490,149,151.0,18
76537,121,130.0,13
76574,153,160.0,13
76623,137,143.0,15
76684,189,inf,15
76707,139,145.0,15
76741,161,167.0,15
76790,154,161.0,15
76849,159,165.0,3
76887,140,145.0,13
76955,148,151.0,7
76997,171,176.0,18
77035,130,134.0,13
77084,149,152.0,2
77137,174,179.0,2
77184,146,148.0,2
77244,158,160.0,2
77299,167,169.0,15
77333,175,181.0,1
77337,119,121.0,119
77394,155,162.0,15
77446,151,158.0,15
77478,166,173.0,19
77508,167,172.0,13
77559,178,188.0,13
77568,135,inf,100
77573,148,157.0,139
77621,139,146.0,13
77673,145,152.0,13
77727,171,180.0,17
77756,175,182.0,30
77761,164,171.0,157
77787,153,159.0,27
77819,168,170.0,28
77845,144,148.0,17
77905,184,inf,13
77926,155,162.0,42
77955,146,154.0,15
77983,160,166.0,39
78012,160,166.0,17
78043,163,169.0,14
78072,171,177.0,25
78121,158,165.0,13
78163,110,118.0,14
78223,152,160.0,14
78272,157,164.0,13
78324,189,inf,27
78371,156,161.0,14
78424,167,173.0,14
78443,133,142.0,49
78482,169,177.0,1
78491,163,169.0,112
78535,133,139.0,13
78554,130,inf,98
78591,113,120.0,15
78655,190,inf,15
78705,162,164.0,15
78735,131,136.0,18
78775,186,inf,18
78820,153,157.0,13
78872,153,157.0,13
78910,134,140.0,14
78928,91,98.0,50
78951,29,inf,14
78958,47,inf,32
78993,93,99.0,13
79051,121,131.0,14
79104,132,136.0,14
79173,139,142.0,14
79213,145,150.0,26
79277,175,178.0,26
79327,158,166.0,14
79371,122,133.0,15
79409,97,105.0,13
79467,133,140.0,13
79523,146,152.0,13
79575,154,159.0,13
79605,148,155.0,20
79661,160,163.0,16
79712,170,180.0,2
79744,106,111.0,2
79802,97,100.0,2
79872,134,141.0,14
79888,175,181.0,146
79934,148,155.0,13
79975,104,115.0,13
80038,170,180.0,1
80065,141,145.0,1
80120,145,154.0,1
80173,162,172.0,13
80217,135,141.0,15
80272,159,165.0,15
80300,140,149.0,21
80323,113,120.0,13
80336,133,139.0,133
80390,166,178.0,13
80436,135,141.0,13
80493,183,inf,17
80521,170,176.0,17
80563,117,122.0,17
80616,151,158.0,15
80645,155,165.0,17
80676,151,157.0,13
80725,132,134.0,13
80753,110,118.0,13
80794,171,177.0,17
80805,169,178.0,134
80838,94,98.0,1
80918,185,190.0,1
80959,121,129.0,13
80986,103,133.0,15
81024,155,158.0,13
81041,36,inf,13
81076,108,113.0,13
81116,167,170.0,19
81156,123,128.0,14
81169,131,137.0,131
81219,140,148.0,13
81244,169,181.0,85
81295,173,179.0,15
81339,134,141.0,16
81367,117,124.0,13
81434,165,169.0,13
81483,143,146.0,23
81541,145,154.0,13
81598,159,162.0,13
81633,166,173.0,17
81640,186,inf,170
81643,67,inf,61
81659,159,inf,74
81670,67,74.0,13
81711,133,140.0,14
81754,153,155.0,121
81812,145,158.0,17
81862,164,169.0,14
81903,120,inf,85
81930,166,169.0,13
81945,118,121.0,61
81981,161,167.0,30
82033,174,180.0,13
82062,165,171.0,18
82074,151,157.0,120
82091,142,146.0,88
82132,145,148.0,14
82163,133,141.0,49
82211,123,130.0,13
82264,155,161.0,19
82310,128,133.0,13
82357,140,146.0,14
82410,151,157.0,13
82441,140,146.0,15
82486,122,130.0,13
82522,157,165.0,16
82594,175,180.0,13
82639,129,131.0,13
82682,143,147.0,13
82735,157,165.0,15
82789,187,inf,14
82816,163,176.0,14
82841,121,130.0,13
82878,158,166.0,13
82895,85,91.0,19
82942,182,189.0,17
82991,169,176.0,13
83030,98,107.0,17
83090,184,inf,23
83135,152,157.0,14
83186,146,155.0,10
83226,127,131.0,26
83259,139,145.0,16
83279,160,165.0,121
83336,165,169.0,13
83392,157,165.0,13
83435,133,140.0,13
83482,151,158.0,15
83524,164,179.0,13
83560,87,93.0,15
83614,135,143.0,24
83641,136,145.0,13
83667,129,139.0,32
83716,128,133.0,14
83756,71,75.0,17
83805,165,172.0,1
83866,190,inf,1
83916,146,150.0,1
83975,181,188.0,13
84014,119,125.0,16
84069,139,145.0,13
84103,145,155.0,13
84137,169,175.0,22
84165,170,177.0,26
84211,141,155.0,13
84258,130,132.0,16
84284,82,95.0,52
84331,176,181.0,50
84338,153,160.0,136
84383,157,168.0,25
84431,137,143.0,15
84458,139,148.0,37
84507,148,154.0,18
84527,154,157.0,108
84598,182,188.0,13
84622,139,146.0,13
84661,162,168.0,17
84667,176,179.0,176
84708,121,124.0,13
84777,151,156.0,13
84825,91,100.0,15
84883,94,102.0,13
84940,132,135.0,13
84993,133,142.0,13
85040,133,144.0,13
85074,156,163.0,18
85103,141,148.0,13
85119,130,133.0,95
85150,131,134.0,19
85178,122,130.0,25
85232,147,155.0,13
85273,98,106.0,13
85334,163,172.0,13
85361,148,155.0,18
85393,161,166.0,15
85444,176,182.0,13
85508,177,182.0,13
85553,139,145.0,14
85592,175,181.0,1
85636,155,162.0,15
85684,146,153.0,13
85734,164,171.0,13
85760,133,140.0,15
85815,147,154.0,13
85864,133,139.0,13
85912,116,122.0,13
85948,157,167.0,15
85994,150,157.0,14
86044,147,161.0,14
86089,117,123.0,14
86135,110,118.0,19
86190,139,143.0,13
86250,148,152.0,23
86307,161,165.0,18
86331,165,177.0,13
86372,117,126.0,13
86428,148,155.0,15
86483,159,165.0,13
86506,109,inf,18
86530,158,164.0,25
86573,149,154.0,26
86606,157,163.0,14
86630,133,144.0,22
86696,157,167.0,2
86748,123,130.0,14
86801,112,118.0,14
86858,118,119.0,14
86934,184,inf,1
86978,145,152.0,13
87034,181,190.0,14
87057,141,149.0,15
87070,187,inf,163
87101,186,inf,13
87114,186,inf,121
87153,158,168.0,27
87186,157,166.0,15
87230,157,164.0,15
87241,122,128.0,98
87298,158,168.0,13
87325,151,157.0,26
87357,182,188.0,39
87380,134,139.0,13
87442,153,157.0,2
87489,127,135.0,13
87544,157,164.0,13
87552,166,169.0,161
87584,169,175.0,18
87640,166,170.0,17
87688,129,131.0,17
87751,159,165.0,16
87820,116,124.0,13
87884,183,inf,13
87929,154,160.0,17
87980,154,161.0,14
87996,189,inf,133
88044,165,170.0,14
88070,139,151.0,13
88080,158,166.0,158
88093,181,189.0,124
88122,170,175.0,15
88174,117,121.0,15
88191,22,inf,16
88201,106,111.0,49
88264,181,186.0,14
88318,169,175.0,1
88371,183,inf,14
88411,141,154.0,14
88442,171,177.0,20
88485,129,135.0,20
88516,91,98.0,29
88569,163,169.0,25
88597,133,141.0,16
88628,130,133.0,13
88656,70,inf,13
88676,122,129.0,15
88745,173,178.0,15
88775,165,178.0,13
88827,175,178.0,16
88840,71,78.0,17
88909,177,183.0,13
88954,143,150.0,14
88981,183,190.0,73
89004,138,143.0,13
89049,103,109.0,13
89107,140,146.0,15
89128,46,inf,13
89183,173,177.0,15
89248,188,inf,15
89276,171,180.0,15
89323,169,180.0,21
89328,127,133.0,126
89361,154,163.0,20
89392,157,163.0,14
89445,169,176.0,13
89489,151,155.0,40
89545,171,180.0,13
89602,169,175.0,1
89651,158,165.0,15
89679,156,162.0,15
89726,182,187.0,25
89753,163,169.0,20
89801,187,inf,26
89846,153,158.0,14
89872,188,inf,83
89895,151,158.0,17
89946,159,166.0,13
89976,169,176.0,13
89983,16,inf,13
90029,148,151.0,13
90085,152,157.0,13
90131,121,127.0,13
90183,130,135.0,15
90205,133,140.0,127
90241,172,177.0,17
90264,170,176.0,61
90293,163,171.0,14
90332,103,109.0,13
90396,187,inf,13
90421,165,169.0,25
90442,111,120.0,13
90489,148,157.0,25
90540,147,165.0,13
90592,148,164.0,13
90641,163,171.0,14
90665,124,130.0,17
90728,165,170.0,3
90753,129,inf,16
90777,179,184.0,48
90823,153,159.0,13
90855,164,170.0,20
90861,164,181.0,164
90891,178,inf,22
90905,109,inf,37
90949,145,150.0,13
90993,133,143.0,16
91047,155,162.0,16
91059,157,164.0,157
91112,151,157.0,1
91152,163,169.0,1
91202,161,167.0,15
91252,151,159.0,17
91286,157,164.0,1
91345,169,175.0,1
91388,109,115.0,14
91451,151,157.0,1
91505,164,171.0,15
91558,165,169.0,15
91593,85,91.0,13
91658,141,145.0,1
91686,121,127.0,13
91712,115,121.0,37
91743,117,121.0,13
91795,121,131.0,17
91856,159,165.0,17
91905,140,146.0,15
91940,152,157.0,1
91982,147,157.0,14
92036,140,146.0,15
92089,172,179.0,15
92112,133,139.0,14
92145,152,158.0,16
92201,157,162.0,13
92259,169,177.0,13
92307,146,151.0,13
92343,122,130.0,16
92380,145,156.0,1
92407,124,130.0,16
92439,145,152.0,26
92474,188,inf,13
92498,145,152.0,18
92552,133,142.0,1
92617,174,181.0,1
92655,155,156.0,13
92708,152,160.0,26
92751,121,130.0,13
92801,109,118.0,13
92820,161,177.0,115
92831,149,163.0,115
92882,158,163.0,13
92940,165,169.0,1
92965,128,133.0,2
93018,140,147.0,13
93122,178,181.0,13
93137,168,175.0,96
93149,121,126.0,87
93200,97,105.0,13
93241,158,165.0,13
93286,128,134.0,18
93333,152,159.0,25
93378,134,148.0,20
93408,147,153.0,15
93437,161,167.0,41
93466,143,148.0,17
93516,148,152.0,14
93575,156,163.0,13
93606,152,157.0,15
93650,145,150.0,27
93669,169,177.0,109
93721,171,173.0,13
93768,126,128.0,18
93813,147,153.0,15
93862,134,139.0,15
93886,91,98.0,14
93943,135,142.0,15
93999,169,188.0,13
94042,132,138.0,13
94073,157,165.0,26
94111,142,147.0,26
94199,189,inf,14
94204,130,inf,123
94242,111,119.0,17
94282,131,134.0,15
94298,168,inf,153
94322,151,157.0,13
94369,124,127.0,13
94405,141,154.0,1
94437,147,153.0,13
94544,147,151.0,13
94605,151,156.0,13
94662,152,158.0,14
94697,175,181.0,13
94737,123,129.0,13
94773,157,163.0,13
94808,118,122.0,26
94872,157,162.0,26
94903,151,157.0,38
94934,152,158.0,14
94973,152,158.0,14
95022,141,145.0,14
95071,128,134.0,13
95105,157,163.0,14
95140,176,182.0,3
95165,141,146.0,13
95199,163,169.0,16
95223,121,129.0,13
95253,118,123.0,13
95276,166,175.0,110
95317,149,155.0,25
95364,154,156.0,20
95397,134,139.0,13
95451,174,181.0,16
95501,173,181.0,16
95522,162,165.0,110
95550,110,117.0,17
95606,144,148.0,13
95639,156,163.0,13
95689,146,151.0,13
95716,121,128.0,16
95757,91,99.0,14
95780,67,inf,28
95806,78,84.0,27
95850,159,165.0,30
95887,98,108.0,21
95939,154,156.0,21
95955,72,inf,63
96007,169,176.0,15
96018,169,175.0,127
96065,150,154.0,14
96120,145,154.0,1
96183,190,inf,1
96228,182,190.0,27
96245,110,116.0,14
96292,158,166.0,16
96344,164,171.0,13
96370,147,153.0,26
96396,147,153.0,13
96448,161,166.0,13
96458,13,141.0,13
96479,157,163.0,97
96489,76,inf,73
96533,163,169.0,13
96575,146,152.0,27
96597,59,inf,18
96639,122,128.0,14
96656,154,158.0,122
96682,150,157.0,19
96716,110,116.0,19
96755,159,165.0,14
96803,153,159.0,14
96833,169,179.0,26
96862,159,165.0,17
96893,178,183.0,13
96902,186,inf,158
96940,133,139.0,26
96994,175,181.0,26
97022,158,165.0,15
97056,175,181.0,19
97081,148,158.0,19
97121,91,97.0,13
97176,130,133.0,13
97230,159,171.0,13
97270,110,119.0,14
97340,140,148.0,15
97399,183,189.0,14
97443,135,142.0,14
97482,188,inf,19
97519,110,119.0,15
97555,141,146.0,18
97581,82,inf,25
97630,189,inf,13
97661,189,inf,13
97688,164,173.0,13
97738,162,166.0,13
97779,97,106.0,13
97798,187,inf,158
97826,163,169.0,15
97856,157,167.0,18
97907,167,175.0,13
97914,154,157.0,144
97925,31,inf,13
97967,133,142.0,13
97982,175,181.0,139
98004,123,129.0,13
98018,67,inf,61
98038,157,164.0,13
98063,133,140.0,13
98101,176,181.0,15
98151,175,181.0,13
98188,112,115.0,13
98262,160,166.0,3
98303,118,121.0,14
98355,175,184.0,19
98394,157,164.0,13
98451,163,168.0,13
98485,160,166.0,13
98530,128,134.0,14
98555,163,170.0,85
98613,178,182.0,2
98667,171,178.0,2
98718,139,146.0,1
98778,157,163.0,1
98812,176,181.0,14
98847,178,182.0,26
98877,186,190.0,19
98925,145,151.0,13
98983,161,163.0,13
99025,124,132.0,27
99063,164,169.0,14
99097,170,175.0,1
99151,142,147.0,1
99186,168,171.0,13
99237,145,153.0,13
99289,145,155.0,14
99316,125,128.0,13
99354,175,181.0,13
99370,160,164.0,86
99400,159,167.0,13
99426,70,inf,13
99448,135,142.0,15
99484,175,181.0,25
99528,175,183.0,26
99553,140,145.0,18
99564,17,inf,15
99606,128,132.0,15
99643,99,107.0,17
99687,170,175.0,14
99709,105,110.0,1
99756,151,157.0,15
99769,163,169.0,132
99816,149,156.0,13
99827,70,inf,61
99878,164,171.0,13
99885,130,151.0,127
99917,181,187.0,50
99928,181,189.0,133
99975,175,181.0,20
100021,178,182.0,22
100025,20,inf,16
100043,110,inf,13
100074,180,181.0,13
100099,127,135.0,17
100155,158,164.0,13
100184,169,178.0,26
100206,132,137.0,19
100243,170,177.0,14
100289,164,169.0,16
100317,147,156.0,15
100364,169,180.0,20
100405,155,161.0,26
100455,175,181.0,26
100475,126,132.0,26
100518,118,123.0,26
100567,145,153.0,26
100601,179,182.0,26
100645,144,148.0,16
100657,46,inf,26
100666,49,inf,25
100679,159,166.0,34
100730,182,190.0,14
100750,164,169.0,49
100790,134,147.0,26
100812,158,164.0,90
100859,163,169.0,13
100885,134,140.0,15
100938,148,156.0,13
100965,135,147.0,27
100999,159,165.0,15
101027,176,181.0,54
101045,103,109.0,14
101082,142,147.0,14
101117,175,182.0,28
101164,152,159.0,13
101214,175,178.0,43
101257,163,166.0,51
101291,111,inf,14
101308,142,147.0,49
101362,146,151.0,14
101418,178,184.0,14
101467,169,176.0,14
101489,117,123.0,14
101503,17,inf,17
101524,137,142.0,22
101574,145,176.0,14
101580,67,inf,61
101596,168,180.0,74
101625,166,176.0,18
101632,56,inf,50
101645,154,159.0,62
101696,149,155.0,17
101743,128,134.0,17
101796,157,164.0,24
101842,158,164.0,15
101898,153,159.0,17
101927,142,147.0,17
101975,147,151.0,13
102013,187,inf,15
102041,90,95.0,15
102105,145,155.0,14
102140,185,inf,26
102184,137,142.0,15
102244,170,179.0,15
102268,139,145.0,15
102300,148,154.0,15
102327,139,146.0,32
102368,139,146.0,15
102383,164,169.0,133
102434,148,153.0,15
102493,164,170.0,17
102546,169,176.0,17
102581,190,inf,3
102594,169,178.0,98
102642,155,160.0,14
102669,128,134.0,17
102726,146,152.0,5
102771,134,143.0,19
102814,139,143.0,57
102851,128,134.0,18
102869,62,inf,15
102899,170,177.0,2
102952,141,147.0,2
102985,163,166.0,13
103007,112,120.0,14
103062,172,179.0,27
103102,167,172.0,27
103133,163,169.0,13
103175,113,119.0,15
103224,139,145.0,15
103253,139,145.0,2
103281,129,133.0,22
103313,144,149.0,18
103348,159,165.0,15
103387,81,87.0,13
103444,104,109.0,13
103484,158,164.0,15
103539,181,inf,13
103583,135,144.0,13
103632,121,127.0,13
103664,121,127.0,13
103726,163,167.0,13
103770,128,134.0,26
103823,137,141.0,15
103870,109,115.0,15
103909,163,169.0,17
103958,183,inf,25
103996,137,148.0,25
104018,82,inf,14
104069,157,164.0,1
104099,139,151.0,16
104136,162,172.0,13
104161,70,inf,13
104174,66,73.0,2
104217,156,160.0,45
104244,177,181.0,49
104271,143,149.0,3
104285,158,165.0,139
104313,151,161.0,13
104342,152,158.0,26
104375,175,185.0,25
104392,104,112.0,19
104425,116,123.0,16
104460,147,155.0,16
104487,151,157.0,42
104516,143,147.0,13
104568,175,182.0,17
104597,98,104.0,15
104630,121,127.0,25
104657,159,166.0,73
104698,91,99.0,14
104739,152,158.0,15
104766,130,137.0,16
104801,164,170.0,28
104810,133,140.0,109
104841,117,123.0,15
104878,168,173.0,15
104911,182,187.0,13
104961,163,169.0,13
104988,163,175.0,23
105014,133,140.0,14
105041,145,155.0,50
105085,143,150.0,25
105132,175,182.0,13
105190,159,165.0,15
105251,182,185.0,16
105287,133,144.0,18
105300,187,inf,175
105332,170,177.0,15
105355,159,165.0,51
105380,123,130.0,15
105441,168,170.0,15
105492,157,168.0,13
105526,179,184.0,18
105576,166,173.0,15
105624,157,163.0,15
105651,133,139.0,15
105688,173,178.0,16
105714,103,106.0,37
105743,146,152.0,13
105758,157,163.0,127
105815,166,171.0,13
105865,139,144.0,13
105896,59,inf,48
105903,95,102.0,65
105943,145,152.0,13
105986,181,188.0,13
106010,146,159.0,15
106067,157,164.0,2
106127,169,174.0,2
106149,132,137.0,26
106206,164,170.0,15
106239,180,186.0,18
106256,99,105.0,14
106287,154,162.0,66
106333,168,173.0,26
106382,169,179.0,13
106392,138,156.0,101
106434,118,121.0,13
106453,18,inf,18
106462,59,inf,14
106471,59,inf,17
106508,103,109.0,14
106527,89,95.0,28
106555,70,inf,40
106580,153,160.0,13
106612,162,165.0,17
106640,100,104.0,15
106684,162,169.0,1
106718,188,inf,15
106756,99,106.0,13
106782,162,169.0,122
106787,157,160.0,151
106833,112,118.0,13
106883,175,181.0,13
106936,145,148.0,13
106959,46,inf,25
106964,22,inf,13
107007,107,111.0,1
107043,140,146.0,13
107102,182,inf,13
107108,157,173.0,123
107125,147,151.0,63
107156,152,158.0,15
107166,73,168.0,61
107201,170,177.0,1
107243,109,115.0,13
107292,169,178.0,18
107320,162,167.0,18
107369,155,162.0,18
107403,157,164.0,1
107448,85,95.0,2
107495,181,187.0,17
107538,133,139.0,13
107589,147,152.0,14
107641,158,165.0,14
107690,134,141.0,14
107745,146,inf,13
107748,146,inf,125
107795,157,163.0,19
107819,119,126.0,14
107875,128,133.0,13
107928,170,179.0,13
107989,169,176.0,13
108000,34,inf,22
108024,178,185.0,25
108057,74,81.0,14
108126,179,184.0,17
108167,184,inf,14
108205,97,103.0,14
108261,161,166.0,15
108285,117,123.0,13
108343,160,165.0,13
108376,175,181.0,13
108408,189,inf,14
108450,134,143.0,17
108487,175,185.0,13
108531,123,128.0,13
108593,153,159.0,1
108624,162,170.0,13
108669,146,153.0,20
108724,164,170.0,14
108750,159,162.0,99
108803,139,145.0,19
108858,157,162.0,19
108886,140,149.0,50
108903,91,inf,50
108939,134,140.0,27
108970,148,155.0,25
109002,160,166.0,22
109026,124,130.0,22
109065,169,179.0,13
109115,163,169.0,13
109138,163,169.0,62
109178,110,115.0,16
109213,143,150.0,14
109263,130,143.0,14
109292,131,138.0,17
109349,161,167.0,14
109375,129,inf,16
109407,145,155.0,25
109446,171,178.0,25
109470,139,148.0,13
109495,140,145.0,49
109526,153,157.0,25
109553,115,121.0,2
109602,157,164.0,13
109649,134,137.0,14
109671,169,175.0,164
109687,141,147.0,13
109740,178,181.0,13
109761,109,inf,18
109804,134,144.0,13
109852,131,136.0,13
109885,148,155.0,20
109937,164,170.0,17
109970,97,101.0,17
110015,155,160.0,13
110066,175,181.0,15
110116,134,144.0,1
110178,150,158.0,1
110206,134,141.0,13
110240,152,158.0,13
110268,135,139.0,13
110317,121,129.0,13
110375,151,155.0,13
110418,180,183.0,15
110446,147,154.0,3
110498,158,164.0,13
110544,121,128.0,13
110588,143,145.0,37
110628,146,151.0,17
110698,172,175.0,17
110750,153,154.0,17
110781,111,118.0,13
110803,62,inf,14
110807,171,177.0,158
110834,155,158.0,15
110889,166,173.0,15
110928,179,182.0,26
110951,155,162.0,42
111001,142,146.0,14
111025,67,inf,25
111031,98,107.0,73
111054,130,136.0,125
111105,154,160.0,13
111137,171,176.0,14
111171,189,inf,14
111214,145,150.0,13
111246,109,116.0,19
111279,168,172.0,58
111302,126,138.0,13
111333,131,135.0,15
111373,182,188.0,17
111426,158,163.0,1
111482,139,145.0,1
111527,133,135.0,13
111580,140,148.0,14
111635,162,170.0,13
111679,121,128.0,16
111711,131,137.0,18
111743,157,166.0,34
111779,188,inf,13
111807,146,152.0,13
111853,143,146.0,16
111897,175,182.0,13
111905,157,163.0,133
111939,94,101.0,25
111985,187,inf,13
112007,133,146.0,13
112032,112,inf,13
112039,189,inf,157
112086,171,178.0,14
112090,122,inf,122
112097,157,164.0,127
112144,133,139.0,13
112168,164,170.0,86
112180,122,128.0,86
112213,137,143.0,16
112263,135,140.0,13
112321,169,175.0,14
112333,175,181.0,134
112339,145,155.0,133
112383,116,121.0,13
112435,135,150.0,13
112486,159,163.0,14
112520,181,inf,13
112546,157,164.0,18
112568,109,115.0,14
112598,109,116.0,14
112666,176,179.0,13
112723,178,186.0,13
112746,130,134.0,13
112786,169,175.0,16
112809,164,169.0,59
112837,151,inf,13
112864,157,162.0,1
112895,157,166.0,13
112950,165,173.0,13
112981,162,167.0,18
113030,153,158.0,15
113080,173,179.0,13
113105,135,139.0,21
113155,138,147.0,17
113229,172,180.0,17
113253,124,131.0,16
113308,134,139.0,13
113325,174,180.0,139
113336,180,186.0,138
113364,162,169.0,16
113408,163,173.0,27
113453,130,134.0,13
113505,136,141.0,17
113559,155,160.0,14
113606,134,140.0,26
113655,149,155.0,26
113695,143,146.0,17
113751,157,163.0,25
113783,169,175.0,19
113834,178,186.0,13
113859,151,160.0,15
113867,120,130.0,111
113878,122,inf,122
113926,121,127.0,13
113981,127,133.0,13
114033,143,145.0,10
114085,112,117.0,15
114127,164,174.0,2
114158,167,173.0,17
114164,115,123.0,109
114194,114,121.0,19
114221,93,98.0,15
114273,172,179.0,38
114303,175,181.0,40
114348,127,133.0,13
114383,164,170.0,26
114422,158,166.0,38
114459,186,inf,14
114480,71,inf,14
114504,151,157.0,13
114550,138,142.0,15
114610,172,175.0,15
114678,185,188.0,14
114718,135,140.0,14
114749,159,164.0,27
114779,153,162.0,16
114813,162,173.0,42
114871,143,147.0,1
114881,26,inf,26
114896,109,inf,31
114941,162,169.0,13
114956,169,181.0,124
114977,116,121.0,17
115036,150,154.0,14
115095,164,169.0,1
115108,162,169.0,123
115134,162,168.0,38
115169,128,136.0,38
115180,31,inf,31
115183,35,inf,31
115225,135,143.0,13
115274,129,135.0,13
115328,160,168.0,13
115346,113,119.0,52
115378,123,128.0,16
115433,156,158.0,49
115492,161,167.0,15
115522,158,165.0,13
115551,146,156.0,13
115581,158,165.0,13
115632,158,165.0,14
115677,158,166.0,13
115709,176,181.0,25
115757,157,166.0,14
115795,85,91.0,13
115830,149,156.0,49
115857,175,181.0,64
115880,164,171.0,49
115905,133,139.0,19
115945,123,129.0,13
115997,134,140.0,16
116029,124,131.0,4
116060,134,140.0,29
116100,176,181.0,17
116152,144,146.0,17
116193,161,168.0,13
116233,102,108.0,14
116286,144,147.0,13
116333,131,137.0,13
116371,146,156.0,25
116401,143,147.0,15
116454,164,169.0,14
116476,115,inf,16
116494,110,118.0,16
116553,131,137.0,1
116621,181,187.0,1
116648,151,157.0,9
116679,145,151.0,9
116728,121,125.0,1
116772,146,164.0,17
116806,142,147.0,17
116858,181,inf,25
116912,171,174.0,14
116943,153,164.0,14
116968,142,152.0,13
117007,181,188.0,1
117058,175,182.0,13
117063,55,inf,49
117087,187,inf,61
117124,145,153.0,14
117232,170,180.0,14
117262,170,177.0,14
117318,185,190.0,14
117378,157,166.0,1
117409,157,168.0,17
117451,128,134.0,14
117503,146,159.0,14
117534,127,133.0,13
117588,142,145.0,14
117657,157,163.0,1
117695,150,155.0,14
117744,144,150.0,14
117769,135,140.0,36
117827,158,170.0,3
117869,102,104.0,13
117900,124,131.0,13
117956,131,138.0,1
117990,139,146.0,13
118038,121,129.0,15
118087,128,133.0,13
118139,133,139.0,15
118174,163,170.0,13
118212,127,133.0,25
118270,133,140.0,3
118331,179,183.0,3
118352,121,131.0,13
118389,159,165.0,17
118424,171,186.0,13
118445,139,146.0,27
118490,139,146.0,27
118538,130,136.0,14
118593,139,147.0,14
118636,135,146.0,27
118661,173,187.0,86
118688,157,163.0,13
118717,150,160.0,17
118763,145,152.0,13
118807,122,130.0,13
118866,161,167.0,13
118917,183,inf,16
118954,132,135.0,23
118996,170,179.0,26
119040,144,150.0,15
119062,117,123.0,45
119098,146,152.0,15
119147,151,158.0,14
119205,167,169.0,1
119224,145,152.0,61
119258,165,169.0,17
119308,159,165.0,13
119358,175,181.0,13
119406,175,181.0,14
119432,148,154.0,17
119463,157,165.0,14
119489,139,146.0,27
119541,139,145.0,13
119598,165,169.0,17
119645,127,133.0,17
119679,155,160.0,13
119733,160,170.0,13
119762,151,157.0,14
119812,174,180.0,28
119849,117,123.0,26
119911,171,175.0,28
119959,156,162.0,18
120006,136,142.0,15
120055,121,129.0,15
120100,122,130.0,26
120141,181,188.0,15
120169,165,173.0,14
120187,88,94.0,17
120227,140,152.0,18
120275,131,135.0,15
120309,153,159.0,13
120347,187,inf,1
120373,145,152.0,1
120404,162,166.0,22
120435,169,179.0,25
120479,142,150.0,15
120519,174,179.0,15
120547,155,158.0,17
120598,157,163.0,16
120624,129,135.0,14
120661,169,175.0,14
120707,143,150.0,17
120751,126,136.0,17
120803,121,126.0,14
120834,133,139.0,25
120886,162,168.0,20
120924,103,110.0,19
120978,125,135.0,19
121028,134,141.0,18
121061,134,143.0,15
121091,72,inf,15
121131,145,151.0,13
121182,148,152.0,13
121228,147,155.0,19
121242,119,126.0,84
121266,86,94.0,13
121297,168,inf,150
121307,173,179.0,111
121313,152,inf,145
121341,169,177.0,16
121381,118,126.0,14
121437,159,165.0,14
121467,161,168.0,13
121498,158,163.0,14
121527,154,162.0,13
121556,139,148.0,15
121607,151,160.0,19
121661,151,160.0,19
121693,145,152.0,25
121748,173,180.0,15
121786,88,92.0,14
121824,122,125.0,14
121846,165,168.0,122
121858,158,161.0,122
121877,153,156.0,122
121916,164,171.0,14
121945,168,174.0,30
121984,120,126.0,20
122031,115,121.0,21
122089,162,165.0,18
122125,165,169.0,15
122159,124,131.0,15
122185,94,99.0,14
122214,187,inf,109
122259,170,176.0,13
122289,100,106.0,26
122345,133,139.0,13
122412,189,inf,13
122436,169,179.0,26
122453,127,133.0,49
122496,153,159.0,37
122550,172,177.0,13
122577,133,145.0,16
122635,180,188.0,15
122658,130,137.0,15
122696,175,181.0,17
122706,157,163.0,122
122723,180,185.0,122
122745,145,151.0,40
122796,157,163.0,13
122844,142,150.0,13
122893,137,143.0,17
122942,155,160.0,13
122992,174,180.0,15
123033,159,165.0,22
123090,150,161.0,14
123154,161,166.0,14
123195,164,170.0,14
123227,155,160.0,26
123240,71,inf,62
123281,110,117.0,14
123309,181,187.0,127
123350,140,146.0,16
123400,135,142.0,18
123456,180,inf,19
123471,91,100.0,13
123534,171,177.0,17
123564,162,173.0,16
123574,162,169.0,138
123624,126,129.0,1
123674,122,137.0,15
123726,137,142.0,15
123770,139,149.0,13
123820,159,165.0,19
123928,110,117.0,17
123985,150,165.0,13
124036,147,154.0,15
124074,189,inf,15
124117,138,148.0,13
124147,141,147.0,17
124192,169,173.0,14
124217,138,143.0,27
124266,149,155.0,14
124300,162,171.0,16
124311,164,170.0,127
124339,146,152.0,13
124369,158,165.0,14
124398,158,168.0,20
124451,167,173.0,15
124476,116,133.0,13
124509,151,159.0,17
124516,160,167.0,160
124558,125,127.0,14
124596,164,169.0,14
124654,169,174.0,2
124684,171,179.0,20
124730,159,165.0,17
124774,117,123.0,15
124792,169,175.0,145
124831,114,120.0,15
124884,166,169.0,15
124933,171,179.0,13
124977,160,164.0,24
125028,156,160.0,24
125082,149,169.0,14
125108,148,169.0,16
125137,178,181.0,26
125183,154,168.0,13
125230,141,147.0,1
125255,121,133.0,13
125315,182,inf,13
125379,169,172.0,14
125412,159,166.0,13
125460,141,147.0,14
125517,182,inf,14
125542,170,179.0,26
125561,130,136.0,39
125611,110,117.0,1
125627,115,121.0,109
125675,123,129.0,14
125709,148,inf,13
125740,185,inf,13
125759,175,181.0,78
125805,151,157.0,13
125860,163,175.0,13
125904,187,inf,25
125939,153,159.0,29
125970,135,141.0,14
125991,150,163.0,90
126016,145,152.0,37
126065,177,182.0,18
126096,180,184.0,14
126122,136,142.0,3
126174,141,146.0,15
126226,146,151.0,15
126250,107,110.0,18
126293,167,169.0,39
126324,166,173.0,17
126371,151,161.0,15
126414,117,inf,13
126440,163,168.0,17
126470,164,171.0,15
126513,115,125.0,14
126560,157,165.0,14
126581,134,140.0,50
126612,121,131.0,19
126669,151,163.0,14
126693,110,116.0,13
126739,177,182.0,13
126797,177,179.0,13
126811,104,109.0,61
126863,175,178.0,17
126928,145,151.0,13
126976,169,175.0,13
126990,111,116.0,75
127020,124,129.0,75
127077,169,175.0,14
127105,157,164.0,15
127135,152,158.0,13
127170,176,181.0,17
127220,178,182.0,17
127269,153,155.0,17
127308,166,170.0,14
127314,139,169.0,139
127361,141,145.0,13
127410,152,157.0,13
127437,70,inf,13
127473,136,142.0,27
127491,158,165.0,26
127538,152,160.0,13
127565,131,137.0,17
127621,145,154.0,1
127678,134,139.0,1
127715,178,182.0,18
127742,156,161.0,18
127798,145,151.0,2
127844,139,145.0,25
127870,147,154.0,49
127895,113,120.0,13
127929,134,142.0,13
127963,168,174.0,30
127994,73,79.0,13
128054,145,155.0,13
128083,139,145.0,13
128137,154,158.0,14
128163,152,159.0,44
128211,187,inf,14
128238,163,169.0,13
128266,145,151.0,13
128327,182,186.0,26
128360,181,189.0,13
128379,145,154.0,49
128412,165,173.0,21
128469,175,181.0,13
128510,110,115.0,13
128571,91,99.0,13
128643,177,180.0,13
128689,174,183.0,19
128741,181,187.0,13
128765,141,147.0,15
128798,145,155.0,13
128850,152,159.0,14
128878,143,150.0,17
128907,143,150.0,17
128969,129,132.0,17
129009,140,149.0,14
129039,164,171.0,38
129067,146,159.0,16
129095,150,156.0,29
129125,129,133.0,14
129197,189,inf,14
129205,82,inf,65
129219,62,inf,26
129262,162,168.0,18
129287,148,164.0,15
129317,171,177.0,17
129360,127,133.0,14
129415,166,174.0,13
129463,160,173.0,13
129513,122,132.0,13
129534,62,inf,61
129550,158,162.0,73
129578,152,157.0,25
129617,150,154.0,15
129653,115,122.0,13
129712,161,167.0,15
129758,139,145.0,13
129796,160,165.0,13
129817,127,133.0,62
129847,115,118.0,62
129908,119,125.0,14
129965,106,109.0,15
130010,114,123.0,13
130067,157,164.0,13
130114,135,139.0,13
130177,161,167.0,13
130221,157,164.0,16
130278,157,165.0,1
130332,163,167.0,13
130370,189,inf,13
130399,175,181.0,13
130452,160,163.0,13
130509,173,182.0,14
130558,169,173.0,14
130584,170,177.0,44
130627,97,104.0,13
130682,132,133.0,13
130707,43,inf,13
130751,155,159.0,13
130809,188,inf,16
130851,157,166.0,21
130900,131,133.0,21
130940,124,133.0,13
130973,140,145.0,18
131024,148,155.0,15
131057,145,154.0,1
131117,170,179.0,1
131142,146,152.0,26
131168,128,133.0,20
131189,118,126.0,66
131244,168,176.0,15
131266,115,122.0,13
131319,143,147.0,17
131376,179,184.0,13
131394,108,114.0,18
131428,133,141.0,14
131454,111,118.0,20
131501,157,163.0,13
131532,168,177.0,13
131544,166,171.0,125
131550,19,inf,17
131599,177,181.0,13
131645,145,151.0,13
131669,102,114.0,17
131731,169,176.0,13
131755,133,141.0,16
131783,133,145.0,27
131803,188,inf,123
131869,174,177.0,15
131897,145,150.0,25
131927,109,115.0,25
131963,151,158.0,26
132006,116,122.0,17
132039,115,121.0,17
132105,184,inf,13
132124,119,125.0,17
132180,164,170.0,13
132202,123,129.0,29
132249,120,123.0,14
132331,189,inf,14
132347,174,175.0,168
132386,147,153.0,29
132398,164,169.0,147
132431,179,186.0,17
132459,183,190.0,27
132477,109,118.0,18
132516,159,166.0,14
132547,146,156.0,2
132596,147,151.0,14
132655,164,174.0,14
132691,125,127.0,37
132728,128,133.0,13
132761,143,149.0,13
132794,165,170.0,17
132820,133,140.0,17
132870,163,169.0,18
132912,157,163.0,26
132940,154,157.0,14
132969,128,133.0,3
133009,181,188.0,13
133057,157,163.0,13
133096,82,88.0,13
133164,167,169.0,14
133312,141,143.0,13
133372,94,inf,28
133407,130,133.0,31
133441,117,123.0,27
133509,182,190.0,2
133547,123,131.0,13
133580,133,139.0,13
133639,187,inf,13
133662,146,156.0,13
133715,163,170.0,17
133737,109,115.0,17
133796,177,180.0,18
133841,153,159.0,17
133900,139,142.0,17
133944,169,177.0,17
133969,134,144.0,17
134011,141,148.0,13
134071,157,162.0,14
134104,181,188.0,15
134126,54,inf,15
134168,164,171.0,13
134215,161,167.0,13
134241,135,140.0,18
134298,170,176.0,15
134327,163,169.0,13
134351,160,166.0,53
134371,99,105.0,14
134414,181,187.0,19
134436,127,inf,13
134486,169,175.0,13
134513,158,172.0,17
134520,20,inf,14
134548,163,174.0,14
134577,166,172.0,16
134604,149,156.0,13
134659,142,145.0,2
134719,157,163.0,1
134747,159,166.0,19
134795,151,158.0,14
134863,173,175.0,14
134879,128,135.0,75
134895,69,inf,28
134938,157,162.0,13
134983,165,170.0,15
135015,185,inf,15
135063,187,inf,13
135088,139,146.0,3
135098,146,152.0,146
135134,189,inf,49
135146,146,154.0,88
135177,150,154.0,13
135206,146,154.0,17
135247,145,158.0,15
135297,158,164.0,15
135324,169,177.0,50
135358,176,181.0,1
135405,157,163.0,15
135448,105,110.0,14
135504,124,132.0,13
135547,172,175.0,13
135590,109,115.0,19
135638,162,169.0,13
135678,187,inf,18
135692,166,172.0,95
135718,148,155.0,26
135756,158,166.0,63
135787,121,131.0,16
135845,158,168.0,16
135883,109,112.0,16
135927,110,116.0,13
135987,174,180.0,14
136039,182,187.0,15
136081,122,127.0,14
136130,109,118.0,14
136194,158,165.0,1
136214,104,112.0,13
136271,151,163.0,13
136311,102,108.0,14
136350,145,153.0,14
136362,18,inf,13
136394,101,108.0,21
136422,149,163.0,85
136450,133,144.0,16
136492,95,101.0,13
136525,122,128.0,15
136547,67,inf,13
136593,157,165.0,13
136627,172,179.0,21
136677,171,179.0,19
136685,71,inf,62
136702,102,109.0,17
136723,131,151.0,127
136751,129,143.0,14
136781,136,142.0,15
136817,179,185.0,21
136857,121,131.0,15
136913,149,156.0,15
136934,123,130.0,49
136970,155,161.0,18
137018,154,161.0,15
137065,132,138.0,14
137104,169,176.0,3
137158,169,175.0,13
137183,159,164.0,37
137238,178,185.0,13
137245,168,inf,154
137273,105,109.0,15
137328,176,181.0,13
137380,157,160.0,14
137431,126,134.0,13
137462,116,125.0,1
137490,98,106.0,17
137539,159,166.0,18
137568,142,145.0,1
137604,174,181.0,15
137619,129,133.0,63
137673,150,155.0,14
137710,181,188.0,14
137754,175,182.0,26
137799,164,169.0,13
137840,119,122.0,15
137878,155,161.0,17
137937,153,157.0,1
137962,104,110.0,26
137996,127,135.0,16
138035,169,177.0,13
138077,121,127.0,13
138141,163,169.0,13
138173,168,179.0,18
138219,148,162.0,18
138227,163,172.0,159
138254,145,152.0,13
138314,147,151.0,13
138369,145,147.0,13
138430,169,175.0,25
138481,139,146.0,15
138533,150,157.0,13
138582,133,136.0,13
138628,159,165.0,14
138681,159,165.0,13
138688,148,153.0,148
138732,137,142.0,15
138763,133,139.0,13
138820,169,176.0,13
138825,163,175.0,163
138847,153,158.0,52
138857,133,142.0,121
138906,135,142.0,14
138965,188,inf,14
138992,166,173.0,17
139048,148,155.0,3
139081,162,168.0,13
139121,91,101.0,13
139163,157,164.0,1
139195,165,171.0,15
139243,145,151.0,3
139314,187,190.0,3
139340,155,162.0,13
139366,121,126.0,13
139403,163,170.0,13
139415,101,107.0,64
139471,141,147.0,13
139495,60,inf,1
139531,157,163.0,14
139558,134,141.0,13
139595,173,180.0,16
139640,153,160.0,13
139674,181,187.0,13
139716,163,169.0,27
139752,105,111.0,27
139792,100,103.0,25
139867,170,180.0,17
139874,166,172.0,154
139926,175,181.0,14
139959,135,139.0,23
140009,138,139.0,24
140048,136,144.0,15
140086,182,187.0,14
140132,170,177.0,20
140166,175,181.0,25
140210,172,178.0,25
140245,112,118.0,25
140311,164,168.0,24
140338,171,177.0,62
140348,170,175.0,133
140370,120,125.0,14
140422,126,140.0,14
140482,168,174.0,15
140529,133,140.0,13
140565,162,173.0,16
140590,133,146.0,13
140642,157,164.0,13
140691,133,146.0,13
140714,91,98.0,13
140746,85,inf,1
140786,129,133.0,14
140844,169,178.0,14
140894,140,145.0,14
140922,122,131.0,13
140952,137,143.0,28
140998,127,133.0,25
141028,122,128.0,14
141049,97,105.0,49
141095,103,106.0,16
141144,148,156.0,49
141221,186,inf,17
141268,163,170.0,13
141316,162,165.0,13
141343,164,169.0,42
141369,172,175.0,133
141401,168,172.0,13
141457,170,175.0,14
141504,139,144.0,14
141542,140,146.0,15
141603,169,175.0,15
141647,135,144.0,15
141700,158,166.0,14
141725,123,127.0,13
141764,98,108.0,25
141813,133,145.0,25
141874,158,165.0,15
141893,189,inf,109
141940,157,163.0,15
141990,171,178.0,16
142051,188,inf,15
142096,157,163.0,15
142104,164,175.0,160
142154,184,inf,17
142176,127,133.0,20
142215,178,181.0,14
142262,150,158.0,13
142309,132,136.0,13
142352,146,154.0,19
142405,171,179.0,19
142430,143,150.0,14
142486,171,177.0,14
142513,148,154.0,15
142569,170,176.0,15
142598,159,166.0,17
142654,178,183.0,13
142685,177,184.0,14
142701,123,129.0,51
142753,144,145.0,13
142805,151,157.0,13
142834,144,150.0,16
142890,170,176.0,14
142942,182,188.0,18
142991,133,140.0,2
143021,145,151.0,26
143048,124,130.0,17
143119,176,179.0,2
143169,136,139.0,1
143209,144,146.0,7
143236,97,108.0,2
143272,181,189.0,2
143330,179,183.0,1
143373,120,122.0,2
143423,173,178.0,16
143472,157,164.0,13
143503,158,166.0,17
143530,133,139.0,13
143562,140,147.0,14
143613,152,158.0,14
143661,190,inf,18
143701,132,133.0,15
143770,178,186.0,14
143822,181,190.0,14