L,U,T
122,131.0,15
19,inf,13
135,140.0,18
131,inf,109
159,164.0,14
143,149.0,15
159,165.0,4
141,155.0,16
139,145.0,13
104,109.0,15
157,164.0,18
158,163.0,100
176,182.0,14
170,177.0,17
70,inf,64
100,116.0,74
115,125.0,37
141,146.0,13
170,177.0,1
51,inf,25
173,179.0,15
152,158.0,1
122,128.0,26
169,169.0,15
141,147.0,13
27,inf,27
169,178.0,27
146,152.0,14
169,178.0,14
174,178.0,13
175,181.0,15
157,164.0,25
129,134.0,13
85,91.0,2
127,138.0,1
158,170.0,13
152,167.0,13
181,187.0,62
139,145.0,13
181,190.0,2
96,inf,18
133,142.0,18
121,132.0,18
135,142.0,13
135,142.0,13
109,115.0,49
121,127.0,13
177,183.0,15
155,159.0,14
145,163.0,14
176,182.0,14
176,181.0,14
91,100.0,1
164,169.0,14
119,123.0,15
169,176.0,15
174,181.0,17
82,inf,25
164,169.0,14
156,160.0,17
164,170.0,13
146,155.0,17
180,186.0,22
130,137.0,3
166,170.0,16
109,119.0,13
118,121.0,13
188,inf,17
121,127.0,25
15,inf,15
187,inf,15
146,154.0,4
147,153.0,13
141,149.0,18
145,151.0,15
109,115.0,16
136,142.0,14
135,144.0,13
174,182.0,15
153,158.0,44
122,130.0,15
190,inf,15
170,176.0,19
178,183.0,13
124,131.0,13
187,inf,15
151,158.0,26
154,158.0,14
134,140.0,13
158,166.0,18
114,121.0,61
166,174.0,14
147,152.0,18
186,inf,24
145,152.0,24
139,147.0,2
133,142.0,1
181,186.0,15
159,164.0,13
140,145.0,13
174,181.0,13
186,inf,13
163,169.0,14
141,144.0,15
155,162.0,16
160,166.0,30
169,176.0,14
163,169.0,13
160,166.0,13
175,182.0,139
137,144.0,14
150,160.0,38
121,127.0,15
189,inf,15
127,135.0,13
132,137.0,17
183,187.0,13
156,162.0,13
158,164.0,13
128,134.0,13
166,170.0,148
175,182.0,14
145,157.0,14
163,166.0,14
147,155.0,13
159,165.0,13
154,162.0,1
128,135.0,1
143,145.0,1
163,169.0,13
150,157.0,13
32,inf,19
139,145.0,14
157,163.0,20
118,124.0,16
155,157.0,13
107,114.0,4
126,130.0,66
159,166.0,14
154,159.0,14
157,163.0,16
91,97.0,13
151,158.0,13
159,164.0,3
155,159.0,17
147,152.0,14
139,143.0,14
43,inf,25
127,135.0,49
152,158.0,15
162,176.0,13
139,142.0,14
143,150.0,41
157,163.0,17
153,160.0,17
147,154.0,13
171,179.0,13
146,152.0,19
151,156.0,13
154,160.0,2
145,152.0,14
91,98.0,1
172,179.0,1
151,154.0,1
139,145.0,13
148,157.0,14
157,163.0,14
140,145.0,13
166,173.0,13
91,98.0,13
134,143.0,15
187,inf,26
147,155.0,15
135,144.0,15
165,170.0,13
19,inf,19
187,inf,27
176,185.0,15
133,139.0,16
91,97.0,1
146,154.0,138
165,170.0,1
165,170.0,1
169,179.0,1
183,189.0,15
98,105.0,26
184,188.0,21
151,159.0,13
155,165.0,13
145,152.0,13
142,147.0,14
175,182.0,16
151,158.0,14
178,184.0,17
163,169.0,17
172,175.0,13
123,128.0,14
175,181.0,25
128,134.0,27
145,152.0,19
157,163.0,27
143,145.0,13
189,inf,13
159,171.0,61
158,164.0,17
163,169.0,20
170,175.0,115
142,147.0,1
122,124.0,1
127,134.0,22
170,181.0,13
151,161.0,15
145,150.0,16
115,118.0,13
141,147.0,2
113,115.0,13
172,180.0,14
149,155.0,14
154,161.0,15
157,163.0,13
133,143.0,16
162,168.0,21
146,153.0,27
175,181.0,16
139,146.0,17
164,174.0,15
136,142.0,28
157,165.0,14
131,133.0,31
157,163.0,19
163,169.0,13
157,162.0,13
149,151.0,20
140,150.0,37
169,177.0,27
156,166.0,139
173,179.0,17
134,142.0,14
169,177.0,17
128,136.0,13
157,164.0,23
146,154.0,13
157,166.0,13
147,152.0,14
115,125.0,20
175,181.0,21
131,137.0,14
140,145.0,13
70,inf,61
98,107.0,13
122,145.0,122
169,181.0,13
154,158.0,13
46,inf,37
112,118.0,66
123,129.0,51
106,112.0,15
164,170.0,61
123,130.0,15
159,171.0,157
164,173.0,15
142,146.0,15
168,174.0,150
158,163.0,14
75,77.0,14
126,133.0,13
133,144.0,16
169,180.0,17
33,inf,33
145,156.0,1
146,151.0,146
145,151.0,15
163,174.0,13
167,174.0,13
179,179.0,97
121,127.0,15
169,175.0,26
157,162.0,13
169,175.0,13
70,inf,13
153,158.0,13
163,170.0,2
169,175.0,14
145,151.0,14
133,139.0,19
121,130.0,19
121,127.0,13
176,186.0,14
145,154.0,17
169,179.0,17
188,inf,13
152,158.0,14
23,inf,14
128,134.0,14
98,104.0,20
105,109.0,14
116,121.0,15
125,127.0,15
127,133.0,13
177,183.0,1
176,178.0,14
116,126.0,17
145,158.0,13
159,164.0,16
155,161.0,17
157,164.0,14
187,inf,14
181,188.0,13
148,151.0,13
148,151.0,13
169,175.0,1
163,169.0,13
145,150.0,13
121,125.0,13
79,86.0,16
177,184.0,110
153,inf,153
176,182.0,13
133,143.0,22
145,148.0,13
161,168.0,15
186,inf,16
167,174.0,18
187,inf,50
120,126.0,18
172,179.0,13
131,134.0,13
162,169.0,15
161,168.0,20
163,169.0,1
145,160.0,14
157,164.0,1
136,143.0,15
190,inf,17
158,164.0,2
187,inf,13
98,108.0,13
115,126.0,14
67,inf,61
150,159.0,13
154,160.0,17
121,128.0,13
156,inf,14
164,171.0,13
140,151.0,16
134,144.0,21
162,169.0,26
13,inf,13
121,127.0,19
121,129.0,17
100,105.0,13
169,179.0,110
133,139.0,16
159,171.0,17
122,131.0,20
85,95.0,54
163,169.0,29
147,150.0,13
181,187.0,17
116,122.0,25
166,171.0,25
160,166.0,25
187,inf,29
145,154.0,13
149,152.0,13
136,143.0,17
180,184.0,13
140,147.0,13
159,165.0,14
121,127.0,17
67,inf,25
139,148.0,73
134,140.0,13
133,140.0,49
135,141.0,26
146,153.0,1
140,147.0,1
163,176.0,16
146,153.0,146
171,180.0,131
162,168.0,25
100,105.0,25
133,137.0,19
170,181.0,20
183,188.0,22
115,122.0,13
140,145.0,31
187,inf,26
128,131.0,18
179,181.0,23
123,128.0,14
166,173.0,28
144,148.0,25
182,inf,13
43,inf,37
142,149.0,49
135,142.0,14
174,180.0,40
152,157.0,17
190,inf,15
187,inf,14
106,112.0,13
145,151.0,13
161,167.0,29
130,141.0,14
176,182.0,27
160,173.0,15
163,170.0,15
187,inf,25
155,159.0,1
135,141.0,14
133,143.0,14
159,168.0,18
121,127.0,15
133,146.0,26
97,104.0,2
145,156.0,2
134,146.0,13
133,139.0,15
145,148.0,14
145,151.0,86
146,152.0,38
128,134.0,38
119,inf,110
125,129.0,14
142,147.0,15
121,131.0,14
118,123.0,1
95,99.0,3
157,165.0,16
114,118.0,25
181,188.0,17
121,127.0,19
111,116.0,17
162,169.0,15
181,183.0,14
34,inf,13
94,107.0,25
159,168.0,14
134,141.0,13
158,168.0,13
177,182.0,25
154,159.0,13
150,155.0,17
145,151.0,13
146,151.0,15
139,146.0,15
130,137.0,84
67,inf,14
172,179.0,14
137,139.0,15
179,187.0,18
148,151.0,16
151,159.0,15
113,117.0,13
143,150.0,19
150,155.0,13
166,174.0,14
164,171.0,13
125,128.0,38
167,172.0,16
157,164.0,13
134,140.0,14
163,169.0,13
131,134.0,111
163,169.0,13
152,157.0,13
142,146.0,3
164,170.0,19
140,147.0,62
140,145.0,125
155,161.0,26
150,160.0,15
174,180.0,121
176,181.0,15
134,144.0,15
181,188.0,14
164,172.0,14
148,163.0,130
181,184.0,13
188,inf,13
72,inf,63
146,151.0,76
173,179.0,26
141,145.0,14
146,156.0,20
140,151.0,16
127,133.0,19
153,158.0,99
135,141.0,99
163,169.0,17
131,134.0,14
125,130.0,14
145,152.0,12
173,178.0,14
134,140.0,13
145,151.0,61
149,151.0,61
153,159.0,16
139,144.0,25
122,138.0,19
155,160.0,14
164,172.0,19
127,139.0,13
117,120.0,37
164,167.0,17
187,inf,17
175,183.0,13
115,122.0,63
141,150.0,13
156,161.0,13
172,184.0,13
155,160.0,13
139,147.0,14
102,112.0,14
133,139.0,14
126,131.0,17
153,157.0,13
163,169.0,13
145,155.0,14
62,inf,15
59,inf,42
169,177.0,73
157,164.0,16
178,183.0,25
185,inf,18
150,157.0,13
122,131.0,17
131,137.0,91
166,179.0,164
176,187.0,14
181,187.0,14
164,173.0,13
148,153.0,13
147,158.0,16
119,121.0,16
127,136.0,1
109,146.0,109
141,146.0,1
158,165.0,14
116,121.0,13
117,122.0,13
131,138.0,13
103,109.0,37
139,145.0,63
142,149.0,63
169,179.0,13
182,inf,13
170,175.0,13
169,178.0,13
165,171.0,13
158,168.0,109
136,139.0,14
160,166.0,13
106,110.0,1
110,116.0,1
92,98.0,74
157,164.0,13
124,129.0,13
121,129.0,13
134,146.0,26
145,155.0,13
158,163.0,13
145,150.0,15
160,166.0,13
187,inf,25
133,140.0,25
180,186.0,13
67,73.0,15
148,153.0,19
116,120.0,26
143,150.0,13
122,127.0,13
133,140.0,19
157,163.0,1
181,187.0,1
177,182.0,13
171,176.0,13
93,99.0,83
147,151.0,18
135,147.0,124
171,177.0,29
181,inf,13
151,160.0,3
121,127.0,13
121,132.0,20
157,164.0,121
151,157.0,61
181,inf,61
72,inf,63
158,164.0,15
72,inf,62
133,139.0,15
153,159.0,16
106,113.0,15
155,157.0,13
171,176.0,13
159,166.0,25
139,145.0,25
176,182.0,134
104,111.0,14
134,140.0,18
127,133.0,24
63,68.0,24
73,80.0,13
158,164.0,13
153,160.0,25
133,139.0,23
34,inf,25
105,111.0,13
135,143.0,26
176,183.0,132
140,145.0,14
181,187.0,17
36,inf,13
116,122.0,26
159,164.0,15
144,147.0,13
124,127.0,28
132,139.0,15
172,178.0,19
180,186.0,18
152,157.0,13
182,inf,19
161,168.0,21
171,177.0,15
114,120.0,20
177,183.0,135
164,169.0,26
107,113.0,26
153,159.0,15
157,163.0,13
157,160.0,13
145,153.0,15
140,145.0,25
134,140.0,15
175,182.0,25
116,122.0,26
135,141.0,15
146,154.0,15
152,161.0,18
31,inf,23
109,116.0,37
154,163.0,13
187,inf,54
151,168.0,151
151,160.0,13
118,124.0,61
151,159.0,14
134,140.0,14
133,139.0,13
143,154.0,17
133,144.0,40
164,167.0,36
150,155.0,1
187,inf,13
135,142.0,17
148,156.0,17
157,169.0,3
158,163.0,13
182,189.0,13
178,185.0,17
170,179.0,49
158,163.0,13
125,132.0,13
115,123.0,13
122,131.0,13
146,152.0,15
170,176.0,13
145,148.0,16
127,132.0,16
182,188.0,1
146,153.0,1
166,171.0,41
164,177.0,13
158,164.0,125
154,158.0,14
133,142.0,26
122,128.0,15
133,139.0,13
98,103.0,26
162,169.0,14
131,134.0,13
119,123.0,13
189,inf,109
165,168.0,13
177,179.0,13
135,141.0,6
181,189.0,14
141,147.0,29
145,154.0,13
117,119.0,14
179,183.0,3
67,inf,25
149,152.0,73
139,146.0,14
133,143.0,17
182,189.0,2
110,119.0,3
190,inf,13
164,169.0,13
157,164.0,14
115,121.0,13
158,165.0,158
139,147.0,13
128,135.0,13
181,inf,13
182,188.0,14
98,103.0,14
139,149.0,61
154,160.0,18
139,147.0,14
169,175.0,14
158,165.0,14
100,106.0,15
171,179.0,14
172,179.0,18
164,170.0,164
163,169.0,13
154,156.0,13
167,173.0,18
157,163.0,1
145,151.0,1
133,144.0,13
115,124.0,16
133,142.0,100
135,141.0,50
139,146.0,25
98,107.0,13
170,175.0,13
133,141.0,14
182,inf,14
172,182.0,14
181,187.0,17
134,149.0,26
145,155.0,13
172,174.0,13
103,109.0,49
107,111.0,18
133,139.0,19
163,169.0,25
170,176.0,25
147,151.0,25
145,152.0,49
126,131.0,109
160,167.0,13
149,163.0,14
170,176.0,25
168,170.0,25
166,172.0,42
162,168.0,13
144,158.0,111
152,inf,145
157,163.0,15
154,157.0,15
168,174.0,15
162,174.0,15
158,166.0,13
182,188.0,13
182,inf,15
145,153.0,46
147,153.0,15
151,157.0,133
159,167.0,13
151,161.0,13
189,inf,15
178,182.0,25
157,164.0,13
127,133.0,13
166,169.0,13
157,166.0,21
55,inf,49
177,181.0,61
160,167.0,17
139,147.0,17
146,155.0,14
187,inf,15
127,134.0,17
159,164.0,25
123,129.0,15
171,174.0,15
109,116.0,14
155,160.0,14
147,153.0,26
87,95.0,16
170,176.0,16
175,181.0,13
127,135.0,16
127,135.0,14
160,162.0,13
116,122.0,14
166,166.0,109
121,127.0,14
175,181.0,13
145,151.0,13
134,140.0,68
85,88.0,1
136,139.0,13
132,135.0,15
152,157.0,18
187,inf,15
140,146.0,14
159,164.0,14
145,155.0,19
145,156.0,1
145,157.0,1
140,147.0,1
176,184.0,16
170,178.0,170
139,145.0,14
107,111.0,20
151,157.0,134
169,176.0,14
164,166.0,15
133,140.0,13
174,180.0,13
110,119.0,13
157,163.0,13
157,164.0,18
140,145.0,18
142,149.0,19
123,131.0,13
169,177.0,86
171,178.0,25
154,160.0,30
175,181.0,13
158,164.0,13
156,158.0,109
154,160.0,5
179,188.0,25
170,177.0,15
159,168.0,17
124,131.0,14
118,inf,61
151,158.0,14
178,183.0,26
169,178.0,13
152,158.0,22
168,171.0,17
129,133.0,22
150,157.0,13
145,147.0,16
139,145.0,61
150,158.0,13
157,162.0,15
119,124.0,13
151,159.0,14
153,159.0,13
141,151.0,25
169,175.0,14
73,83.0,14
151,158.0,15
181,188.0,13
164,170.0,13
155,161.0,14
187,inf,25
163,170.0,3
169,179.0,13
159,166.0,13
109,inf,15
141,148.0,22
134,141.0,19
151,159.0,40
148,155.0,13
116,121.0,37
103,110.0,13
146,155.0,14
150,156.0,13
159,167.0,16
137,150.0,100
157,164.0,13
129,135.0,16
175,181.0,15
159,167.0,14
176,179.0,14
164,171.0,13
159,164.0,16
126,132.0,13
155,162.0,16
159,166.0,109
137,143.0,17
132,137.0,17
153,160.0,18
82,88.0,4
181,187.0,16
133,145.0,16
145,158.0,13
123,126.0,13
165,168.0,154
171,177.0,15
148,154.0,66
163,169.0,49
163,167.0,13
181,190.0,13
164,169.0,13
38,inf,27
149,155.0,26
110,116.0,23
128,134.0,13
148,154.0,13
177,180.0,13
137,143.0,19
171,177.0,13
139,145.0,15
140,146.0,15
169,175.0,14
157,164.0,25
159,164.0,25
138,140.0,1
161,172.0,13
181,188.0,13
114,117.0,15
111,115.0,17
148,152.0,39
171,183.0,16
186,inf,13
146,148.0,13
132,138.0,13
171,177.0,13
155,159.0,125
134,141.0,38
32,inf,13
130,135.0,15
116,122.0,14
158,164.0,29
165,170.0,15
158,165.0,15
157,164.0,53
172,179.0,19
163,167.0,13
151,157.0,13
112,123.0,13
132,134.0,13
152,158.0,13
177,182.0,27
153,159.0,27
145,155.0,86
157,165.0,14
164,170.0,25
164,170.0,26
164,170.0,20
92,inf,17
129,135.0,15
108,110.0,13
121,129.0,13
187,inf,1
169,176.0,1
158,164.0,49
178,185.0,174
112,118.0,25
189,inf,15
181,187.0,13
172,178.0,13
146,154.0,15
170,177.0,13
125,129.0,14
175,182.0,25
147,153.0,29
157,165.0,19
151,157.0,1
140,143.0,13
170,177.0,13
177,182.0,3
160,162.0,13
148,151.0,3
160,167.0,3
139,146.0,15
148,153.0,17
134,142.0,17
176,181.0,14
147,155.0,26
155,159.0,17
155,159.0,14
133,140.0,14
164,170.0,27
109,120.0,14
71,inf,14
157,163.0,14
176,188.0,13
163,171.0,14
182,188.0,111
121,131.0,13
181,187.0,131
151,160.0,126
159,164.0,13
163,170.0,17
136,144.0,15
157,164.0,49
188,inf,13
110,117.0,16
133,147.0,25
181,185.0,13
143,146.0,13
166,177.0,13
150,162.0,13
175,185.0,14
135,137.0,14
113,115.0,14
141,145.0,13
178,181.0,13
159,168.0,28
117,130.0,59
175,181.0,13
177,183.0,13
146,155.0,13
118,124.0,19
127,130.0,19
134,139.0,13
187,inf,117
154,159.0,13
159,164.0,15
162,168.0,18
170,182.0,13
97,102.0,26
133,145.0,25
152,157.0,6
174,181.0,6
142,145.0,13
133,140.0,13
145,151.0,14
82,inf,25
169,174.0,15
166,175.0,66
134,143.0,19
170,175.0,18
159,166.0,13
128,134.0,2
140,149.0,2
35,inf,17
164,170.0,38
182,188.0,14
136,141.0,15
169,175.0,13
109,115.0,13
168,173.0,66
175,180.0,17
181,187.0,13
181,187.0,13
122,145.0,122
175,187.0,17
188,inf,164
176,182.0,18
87,94.0,27
123,131.0,27
145,148.0,27
109,114.0,7
133,139.0,9
181,187.0,1
166,172.0,18
136,144.0,13
183,188.0,13
150,157.0,13
127,131.0,13
136,143.0,84
145,151.0,81
164,169.0,13
150,156.0,24
121,129.0,13
151,155.0,13
150,157.0,14
158,168.0,109
183,189.0,13
92,inf,2
92,inf,2
116,122.0,5
73,78.0,13
116,122.0,31
171,176.0,15
122,131.0,2
181,187.0,14
182,inf,19
97,109.0,1
110,inf,13
124,130.0,16
116,124.0,18
181,inf,13
130,136.0,103
117,124.0,25
137,143.0,13
170,176.0,25
180,182.0,13
161,168.0,22
150,153.0,28
157,163.0,13
170,175.0,13
140,145.0,13
164,176.0,16
165,169.0,26
181,186.0,26
143,149.0,28
171,176.0,19
176,182.0,13
164,171.0,13
169,176.0,14
168,181.0,151
185,188.0,26
181,188.0,18
156,161.0,13
172,177.0,14
181,189.0,17
124,132.0,14
129,135.0,13
146,148.0,13
155,158.0,13
163,169.0,13
131,134.0,13
97,104.0,13
152,157.0,1
139,147.0,15
148,157.0,148
178,184.0,19
132,137.0,13
167,171.0,1
177,184.0,51
38,inf,27
110,116.0,16
174,179.0,14
163,169.0,63
116,122.0,1
134,140.0,1
128,134.0,3
139,145.0,15
124,131.0,13
186,inf,13
148,155.0,13
148,154.0,25
140,146.0,14
173,179.0,18
170,176.0,14
151,155.0,13
144,148.0,13
169,179.0,13
110,115.0,13
145,151.0,13
164,169.0,13
166,172.0,14
178,186.0,17
133,140.0,110
169,176.0,13
103,115.0,13
37,inf,37
153,159.0,14
146,153.0,3
116,123.0,3
107,113.0,15
33,181.0,15
157,169.0,98
128,134.0,15
177,185.0,13
159,173.0,19
142,inf,117
163,170.0,15
175,181.0,117
151,156.0,15
119,122.0,15
159,165.0,13
68,inf,62
158,164.0,13
70,inf,62
122,127.0,15
133,144.0,15
159,168.0,15
143,148.0,13
169,180.0,13
133,140.0,13
151,159.0,19
170,176.0,15
174,179.0,15
136,142.0,17
130,135.0,27
147,151.0,27
169,174.0,1
177,183.0,45
134,139.0,13
109,115.0,25
177,181.0,1
174,176.0,13
179,inf,14
178,183.0,13
157,164.0,15
151,157.0,15
177,180.0,18
132,139.0,13
147,151.0,13
156,164.0,14
182,inf,13
150,155.0,15
147,155.0,14
134,143.0,16
121,128.0,18
164,169.0,1
170,176.0,13
145,155.0,20
163,174.0,157
169,181.0,1
135,140.0,14
177,181.0,157
168,175.0,102
165,171.0,1
134,147.0,13
103,115.0,14
154,160.0,21
165,170.0,13
136,143.0,14
150,155.0,28
85,91.0,25
151,164.0,13
172,180.0,13
172,180.0,13
58,inf,49
174,181.0,2
144,150.0,14
160,168.0,14
122,129.0,15
145,150.0,15
160,168.0,17
166,174.0,14
181,188.0,14
141,147.0,13
143,150.0,41
151,159.0,13
153,160.0,13
180,186.0,41
165,172.0,14
157,162.0,1
133,144.0,15
156,161.0,146
130,135.0,16
168,173.0,168
157,163.0,18
188,inf,13
91,inf,59
169,182.0,17
136,143.0,18
151,159.0,13
159,166.0,13
66,inf,50
124,127.0,15
64,inf,13
146,153.0,26
160,164.0,13
130,134.0,2
133,142.0,2
187,inf,14
135,140.0,14
128,135.0,14
132,inf,121
164,166.0,16
133,142.0,13
154,158.0,15
139,147.0,15
133,143.0,33
163,169.0,1
173,177.0,13
174,177.0,13
131,135.0,13
135,146.0,13
151,157.0,13
175,181.0,14
127,133.0,13
129,131.0,13
158,160.0,49
137,143.0,14
167,172.0,137
157,164.0,13
163,171.0,17
137,143.0,17
166,173.0,13
157,162.0,85
187,inf,2
188,inf,25
150,157.0,13
171,178.0,28
110,113.0,13
172,180.0,14
167,172.0,14
145,154.0,14
164,170.0,13
108,114.0,13
162,168.0,13
171,183.0,13
177,182.0,49
157,166.0,138
145,151.0,13
157,163.0,13
162,174.0,49
130,135.0,1
169,179.0,14
171,179.0,14
179,181.0,14
187,inf,14
130,134.0,17
71,inf,14
170,175.0,13
150,157.0,13
174,186.0,13
82,inf,14
176,182.0,14
184,190.0,13
180,184.0,13
158,164.0,26
137,140.0,13
175,182.0,13
157,164.0,13
146,151.0,25
168,174.0,72
100,107.0,13
121,127.0,14
131,137.0,16
154,159.0,1
100,105.0,14
135,139.0,17
71,inf,14
154,159.0,1
188,inf,63
176,184.0,63
156,159.0,63
56,inf,50
146,150.0,62
167,170.0,18
174,179.0,13
165,174.0,13
140,146.0,44
175,180.0,72
165,172.0,1
133,141.0,14
188,inf,14
135,144.0,105
99,inf,51
128,134.0,61
178,184.0,13
160,166.0,13
153,161.0,21
156,160.0,70
128,133.0,69
167,172.0,13
134,139.0,49
169,175.0,19
158,164.0,13
131,137.0,18
188,inf,19
169,175.0,17
160,162.0,13
157,163.0,14
149,155.0,13
136,141.0,13
34,inf,16
145,156.0,1
159,168.0,1
159,165.0,2
182,188.0,25
121,129.0,14
157,166.0,14
133,141.0,14
128,133.0,17
137,141.0,14
103,109.0,16
139,147.0,125
165,171.0,15
189,inf,15
186,189.0,15
166,169.0,13
149,154.0,15
145,153.0,26
160,167.0,18
116,inf,26
136,147.0,13
145,151.0,15
134,139.0,39
157,164.0,13
181,188.0,31
146,151.0,1
127,127.0,2
157,163.0,13
122,129.0,37
151,159.0,13
117,125.0,31
154,160.0,15
165,171.0,18
139,145.0,13
158,164.0,14
34,inf,13
182,inf,86
169,175.0,86
121,125.0,13
130,136.0,14
145,154.0,15
152,158.0,15
177,182.0,13
162,170.0,16
72,inf,39
24,inf,14
138,150.0,29
147,157.0,19
176,181.0,15
134,141.0,13
124,130.0,19
169,175.0,19
121,132.0,13
127,140.0,13
132,137.0,18
128,136.0,13
163,171.0,20
130,136.0,37
152,157.0,13
145,151.0,1
161,165.0,13
134,143.0,17
145,150.0,17
134,139.0,14
155,158.0,14
142,148.0,1
181,187.0,157
157,164.0,36
109,115.0,13
168,170.0,16
133,140.0,13
160,163.0,13
166,171.0,147
163,169.0,133
157,163.0,1
127,133.0,4
156,156.0,1
105,112.0,16
147,156.0,17
130,139.0,29
160,163.0,13
158,160.0,14
110,114.0,13
123,128.0,13
170,176.0,26
132,137.0,13
110,118.0,88
176,182.0,27
33,inf,26
161,167.0,39
151,159.0,14
149,155.0,28
150,157.0,19
115,121.0,13
109,115.0,13
68,inf,68
80,87.0,14
187,inf,127
106,114.0,62
169,175.0,150
129,inf,124
155,160.0,13
151,173.0,15
116,121.0,49
139,145.0,49
120,124.0,18
154,164.0,13
169,173.0,13
121,127.0,13
157,164.0,157
157,163.0,42
157,163.0,13
183,186.0,13
182,187.0,13
145,153.0,51
146,152.0,1
145,150.0,13
133,140.0,14
182,188.0,26
141,144.0,15
161,166.0,54
145,154.0,17
136,141.0,17
185,inf,26
115,122.0,13
151,158.0,17
168,174.0,15
32,184.0,14
103,114.0,13
92,98.0,13
145,153.0,1
172,178.0,31
118,123.0,13
181,188.0,85
148,151.0,14
169,178.0,25
170,177.0,17
157,162.0,13
175,180.0,13
98,106.0,13
137,143.0,17
165,171.0,157
145,150.0,13
121,127.0,13
109,116.0,16
89,99.0,14
159,173.0,14
172,180.0,172
166,171.0,82
141,148.0,13
123,131.0,13
145,152.0,49
179,187.0,14
163,168.0,7
115,121.0,13
140,146.0,14
127,130.0,73
70,inf,49
70,inf,49
157,160.0,73
70,inf,49
70,inf,49
70,inf,49
70,inf,49
70,inf,49
70,inf,49
133,141.0,1
151,157.0,26
178,183.0,14
87,93.0,14
183,inf,13
100,104.0,14
149,155.0,29
163,169.0,17
181,inf,144
110,117.0,13
145,151.0,13
128,134.0,25
153,157.0,25
169,174.0,25
187,inf,14
124,131.0,16
166,172.0,88
122,127.0,1
127,133.0,1
136,142.0,15
142,148.0,15
114,123.0,13
123,130.0,25
19,inf,7
127,133.0,25
150,177.0,124
153,163.0,13
170,178.0,14
150,175.0,14
139,142.0,14
158,167.0,24
169,176.0,25
157,165.0,26
134,139.0,15
116,123.0,15
181,187.0,1
157,163.0,25
175,181.0,18
170,179.0,25
181,186.0,13
170,172.0,16
188,inf,26
157,163.0,39
121,127.0,13
102,109.0,13
164,170.0,14
56,inf,13
157,164.0,25
181,187.0,25
164,169.0,25
150,157.0,98
158,165.0,15
157,165.0,1
127,129.0,111
179,181.0,13
169,182.0,133
158,163.0,133
170,178.0,1
121,129.0,1
159,164.0,13
175,179.0,14
169,175.0,1
170,176.0,26
133,141.0,2
159,165.0,135
173,176.0,13
165,168.0,13
32,181.0,14
187,inf,1
161,168.0,13
163,170.0,85
181,187.0,49
133,144.0,15
125,131.0,17
170,173.0,13
112,115.0,13
166,169.0,1
188,inf,1
139,148.0,14
170,175.0,2
105,110.0,1
140,147.0,1
145,169.0,121
124,159.0,13
157,163.0,13
153,157.0,13
182,inf,13
150,154.0,13
31,inf,20
123,130.0,25
160,166.0,16
168,173.0,13
170,180.0,2
118,126.0,17
133,140.0,14
147,151.0,1
148,154.0,15
146,151.0,4
157,164.0,1
146,154.0,3
123,129.0,3
134,141.0,18
118,inf,3
158,163.0,13
67,150.0,13
150,159.0,13
151,158.0,13
160,166.0,40
158,161.0,19
141,148.0,14
187,inf,14
155,160.0,13
139,146.0,15
176,181.0,14
153,164.0,52
139,146.0,13
170,179.0,13
170,177.0,13
187,inf,16
151,159.0,13
182,inf,13
109,117.0,97
133,143.0,14
115,121.0,14
169,176.0,19
181,inf,13
140,147.0,15
139,145.0,13
130,135.0,16
187,inf,13
158,163.0,13
147,172.0,13
145,155.0,16
161,165.0,13
168,173.0,15
159,165.0,15
160,167.0,73
157,168.0,18
115,122.0,21
151,157.0,18
157,165.0,14
134,142.0,13
161,166.0,13
101,107.0,16
81,89.0,18
147,164.0,15
86,94.0,15
133,139.0,102
155,160.0,13
171,177.0,171
129,139.0,13
139,148.0,13
154,157.0,14
189,inf,13
178,181.0,14
145,150.0,19
145,151.0,14
113,118.0,13
149,152.0,14
130,136.0,25
133,140.0,25
150,156.0,18
145,152.0,136
152,163.0,136
189,inf,13
150,157.0,13
133,142.0,14
150,154.0,14
148,155.0,17
87,93.0,16
170,176.0,13
170,179.0,17
157,164.0,13
157,164.0,13
134,139.0,17
133,141.0,15
126,131.0,15
138,144.0,13
156,166.0,139
129,141.0,16
130,137.0,17
188,inf,169
176,181.0,169
149,166.0,14
157,167.0,14
146,152.0,26
105,112.0,28
153,162.0,38
151,161.0,21
179,185.0,15
51,inf,27
159,168.0,21
124,130.0,28
122,127.0,25
135,139.0,14
147,153.0,16
159,166.0,26
172,179.0,13
164,172.0,17
164,172.0,76
158,164.0,13
188,inf,4
174,183.0,104
157,163.0,13
176,183.0,15
153,158.0,146
140,145.0,13
129,133.0,13
73,inf,18
99,104.0,16
139,147.0,18
149,158.0,15
176,182.0,15
110,119.0,15
181,190.0,14
109,115.0,14
181,187.0,13
172,184.0,13
134,140.0,14
115,118.0,13
153,159.0,16
163,170.0,16
121,130.0,13
134,143.0,112
129,135.0,15
132,140.0,17
107,111.0,17
187,inf,164
170,175.0,14
139,146.0,15
170,179.0,26
121,128.0,3
150,154.0,18
160,166.0,25
157,163.0,27
134,139.0,27
79,86.0,26
135,139.0,19
184,inf,18
166,170.0,20
157,168.0,20
161,168.0,20
118,121.0,26
164,173.0,26
127,135.0,13
157,163.0,15
126,133.0,13
158,165.0,13
49,inf,25
156,162.0,26
158,163.0,15
155,158.0,15
158,164.0,15
122,130.0,26
143,150.0,17
142,149.0,15
139,151.0,121
150,159.0,1
141,144.0,13
159,164.0,159
152,157.0,15
103,110.0,15
170,173.0,15
135,142.0,17
172,175.0,17
142,147.0,13
187,inf,37
181,187.0,181
57,inf,57
124,129.0,63
163,169.0,133
146,151.0,1
157,163.0,1
171,177.0,14
160,165.0,14
156,159.0,14
178,182.0,17
153,160.0,13
147,153.0,15
89,96.0,15
152,159.0,15
143,150.0,17
187,inf,15
174,185.0,14
134,146.0,14
164,164.0,13
163,168.0,17
142,147.0,24
146,150.0,13
129,134.0,16
129,131.0,16
165,172.0,112
187,inf,157
184,190.0,15
187,inf,25
156,161.0,20
145,151.0,14
143,148.0,18
58,157.0,13
122,128.0,16
135,142.0,13
166,171.0,13
141,147.0,13
151,159.0,14
146,153.0,13
175,187.0,13
146,155.0,13
187,inf,13
113,119.0,26
175,184.0,15
119,124.0,17
160,168.0,17
175,182.0,13
136,143.0,13
189,inf,13
128,137.0,15
139,146.0,17
160,168.0,160
133,142.0,17
175,181.0,15
139,145.0,1
126,140.0,14
117,122.0,13
152,157.0,17
142,149.0,13
143,150.0,13
188,inf,13
188,inf,16
121,128.0,49
151,160.0,133
178,183.0,114
133,138.0,103
153,158.0,13
121,inf,37
16,inf,16
43,inf,36
181,187.0,13
163,169.0,13
135,138.0,13
64,67.0,1
99,104.0,13
136,142.0,16
155,161.0,14
92,inf,1
157,164.0,102
130,141.0,15
170,177.0,17
133,140.0,16
152,160.0,13
176,181.0,13
106,110.0,13
165,170.0,15
117,132.0,25
139,145.0,14
179,185.0,16
169,179.0,13
109,113.0,13
173,178.0,14
133,141.0,18
121,128.0,15
157,163.0,14
135,139.0,14
149,153.0,15
123,128.0,19
169,175.0,19
131,137.0,22
160,166.0,16
169,172.0,16
167,172.0,15
122,128.0,13
98,108.0,1
114,119.0,1
186,inf,14
136,141.0,1
148,156.0,21
152,157.0,13
165,171.0,25
153,156.0,25
175,187.0,15
180,184.0,16
121,inf,13
139,147.0,43
166,175.0,22
158,164.0,2
140,146.0,25
135,149.0,15
148,166.0,13
147,153.0,13
134,147.0,26
150,154.0,18
187,inf,13
179,inf,179
148,155.0,24
169,175.0,17
136,144.0,14
118,124.0,18
140,148.0,25
115,inf,25
148,156.0,17
128,133.0,20
162,162.0,13
181,187.0,25
86,96.0,1
157,165.0,1
127,133.0,1
188,inf,15
139,147.0,13
148,155.0,15
165,176.0,14
189,inf,14
157,166.0,18
147,155.0,13
183,inf,14
155,161.0,14
110,115.0,14
158,163.0,14
189,inf,14
158,166.0,14
132,137.0,88
176,182.0,15
142,148.0,13
155,160.0,13
140,146.0,13
178,181.0,125
181,189.0,1
181,inf,51
45,inf,28
133,139.0,13
133,143.0,64
128,134.0,4
152,158.0,15
170,173.0,15
84,90.0,13
69,inf,3
170,179.0,18
22,inf,22
143,146.0,23
176,182.0,14
163,170.0,16
147,151.0,16
182,inf,13
181,188.0,157
146,156.0,86
177,180.0,86
137,142.0,17
189,inf,21
144,147.0,21
155,160.0,13
86,91.0,13
142,151.0,14
136,141.0,13
136,141.0,25
182,190.0,73
159,167.0,25
180,183.0,25
174,186.0,14
148,156.0,13
161,164.0,13
164,175.0,17
91,97.0,13
175,181.0,26
157,163.0,26
180,185.0,13
141,147.0,13
164,170.0,38
67,inf,25
169,179.0,73
117,124.0,27
122,128.0,25
106,110.0,22
157,163.0,13
162,169.0,26
188,inf,37
109,115.0,20
149,151.0,18
121,130.0,13
153,160.0,13
137,143.0,15
189,inf,15
139,145.0,15
161,167.0,15
154,161.0,15
159,165.0,3
140,145.0,13
148,151.0,7
171,176.0,18
130,134.0,13
149,152.0,2
174,179.0,2
146,148.0,2
158,160.0,2
167,169.0,15
175,181.0,1
119,121.0,119
155,162.0,15
151,158.0,15
166,173.0,19
167,172.0,13
178,188.0,13
135,inf,100
148,157.0,139
139,146.0,13
145,152.0,13
171,180.0,17
175,182.0,30
164,171.0,157
153,159.0,27
168,170.0,28
144,148.0,17
184,inf,13
155,162.0,42
146,154.0,15
160,166.0,39
160,166.0,17
163,169.0,14
171,177.0,25
158,165.0,13
110,118.0,14
152,160.0,14
157,164.0,13
189,inf,27
156,161.0,14
167,173.0,14
133,142.0,49
169,177.0,1
163,169.0,112
133,139.0,13
130,inf,98
113,120.0,15
190,inf,15
162,164.0,15
131,136.0,18
186,inf,18
153,157.0,13
153,157.0,13
134,140.0,14
91,98.0,50
29,inf,14
47,inf,32
93,99.0,13
121,131.0,14
132,136.0,14
139,142.0,14
145,150.0,26
175,178.0,26
158,166.0,14
122,133.0,15
97,105.0,13
133,140.0,13
146,152.0,13
154,159.0,13
148,155.0,20
160,163.0,16
170,180.0,2
106,111.0,2
97,100.0,2
134,141.0,14
175,181.0,146
148,155.0,13
104,115.0,13
170,180.0,1
141,145.0,1
145,154.0,1
162,172.0,13
135,141.0,15
159,165.0,15
140,149.0,21
113,120.0,13
133,139.0,133
166,178.0,13
135,141.0,13
183,inf,17
170,176.0,17
117,122.0,17
151,158.0,15
155,165.0,17
151,157.0,13
132,134.0,13
110,118.0,13
171,177.0,17
169,178.0,134
94,98.0,1
185,190.0,1
121,129.0,13
103,133.0,15
155,158.0,13
36,inf,13
108,113.0,13
167,170.0,19
123,128.0,14
131,137.0,131
140,148.0,13
169,181.0,85
173,179.0,15
134,141.0,16
117,124.0,13
165,169.0,13
143,146.0,23
145,154.0,13
159,162.0,13
166,173.0,17
186,inf,170
67,inf,61
159,inf,74
67,74.0,13
133,140.0,14
153,155.0,121
145,158.0,17
164,169.0,14
120,inf,85
166,169.0,13
118,121.0,61
161,167.0,30
174,180.0,13
165,171.0,18
151,157.0,120
142,146.0,88
145,148.0,14
133,141.0,49
123,130.0,13
155,161.0,19
128,133.0,13
140,146.0,14
151,157.0,13
140,146.0,15
122,130.0,13
157,165.0,16
175,180.0,13
129,131.0,13
143,147.0,13
157,165.0,15
187,inf,14
163,176.0,14
121,130.0,13
158,166.0,13
85,91.0,19
182,189.0,17
169,176.0,13
98,107.0,17
184,inf,23
152,157.0,14
146,155.0,10
127,131.0,26
139,145.0,16
160,165.0,121
165,169.0,13
157,165.0,13
133,140.0,13
151,158.0,15
164,179.0,13
87,93.0,15
135,143.0,24
136,145.0,13
129,139.0,32
128,133.0,14
71,75.0,17
165,172.0,1
190,inf,1
146,150.0,1
181,188.0,13
119,125.0,16
139,145.0,13
145,155.0,13
169,175.0,22
170,177.0,26
141,155.0,13
130,132.0,16
82,95.0,52
176,181.0,50
153,160.0,136
157,168.0,25
137,143.0,15
139,148.0,37
148,154.0,18
154,157.0,108
182,188.0,13
139,146.0,13
162,168.0,17
176,179.0,176
121,124.0,13
151,156.0,13
91,100.0,15
94,102.0,13
132,135.0,13
133,142.0,13
133,144.0,13
156,163.0,18
141,148.0,13
130,133.0,95
131,134.0,19
122,130.0,25
147,155.0,13
98,106.0,13
163,172.0,13
148,155.0,18
161,166.0,15
176,182.0,13
177,182.0,13
139,145.0,14
175,181.0,1
155,162.0,15
146,153.0,13
164,171.0,13
133,140.0,15
147,154.0,13
133,139.0,13
116,122.0,13
157,167.0,15
150,157.0,14
147,161.0,14
117,123.0,14
110,118.0,19
139,143.0,13
148,152.0,23
161,165.0,18
165,177.0,13
117,126.0,13
148,155.0,15
159,165.0,13
109,inf,18
158,164.0,25
149,154.0,26
157,163.0,14
133,144.0,22
157,167.0,2
123,130.0,14
112,118.0,14
119,119.0,14
184,inf,1
145,152.0,13
181,190.0,14
141,149.0,15
187,inf,163
186,inf,13
186,inf,121
158,168.0,27
157,166.0,15
157,164.0,15
122,128.0,98
158,168.0,13
151,157.0,26
182,188.0,39
134,139.0,13
153,157.0,2
127,135.0,13
157,164.0,13
166,169.0,161
169,175.0,18
166,170.0,17
129,131.0,17
159,165.0,16
116,124.0,13
183,inf,13
154,160.0,17
154,161.0,14
189,inf,133
165,170.0,14
139,151.0,13
158,166.0,158
181,189.0,124
170,175.0,15
117,121.0,15
22,inf,16
106,111.0,49
181,186.0,14
169,175.0,1
183,inf,14
141,154.0,14
171,177.0,20
129,135.0,20
91,98.0,29
163,169.0,25
133,141.0,16
130,133.0,13
70,inf,13
122,129.0,15
173,178.0,15
165,178.0,13
175,178.0,16
71,78.0,17
177,183.0,13
143,150.0,14
183,190.0,73
138,143.0,13
103,109.0,13
140,146.0,15
46,inf,13
173,177.0,15
188,inf,15
171,180.0,15
169,180.0,21
127,133.0,126
154,163.0,20
157,163.0,14
169,176.0,13
151,155.0,40
171,180.0,13
169,175.0,1
158,165.0,15
156,162.0,15
182,187.0,25
163,169.0,20
187,inf,26
153,158.0,14
188,inf,83
151,158.0,17
159,166.0,13
169,176.0,13
16,inf,13
148,151.0,13
152,157.0,13
121,127.0,13
130,135.0,15
133,140.0,127
172,177.0,17
170,176.0,61
163,171.0,14
103,109.0,13
187,inf,13
165,169.0,25
111,120.0,13
148,157.0,25
147,165.0,13
148,164.0,13
163,171.0,14
124,130.0,17
165,170.0,3
129,inf,16
179,184.0,48
153,159.0,13
164,170.0,20
164,181.0,164
178,inf,22
109,inf,37
145,150.0,13
133,143.0,16
155,162.0,16
157,164.0,157
151,157.0,1
163,169.0,1
161,167.0,15
151,159.0,17
157,164.0,1
169,175.0,1
109,115.0,14
151,157.0,1
164,171.0,15
165,169.0,15
85,91.0,13
141,145.0,1
121,127.0,13
115,121.0,37
117,121.0,13
121,131.0,17
159,165.0,17
140,146.0,15
152,157.0,1
147,157.0,14
140,146.0,15
172,179.0,15
133,139.0,14
152,158.0,16
157,162.0,13
169,177.0,13
146,151.0,13
122,130.0,16
145,156.0,1
124,130.0,16
145,152.0,26
188,inf,13
145,152.0,18
133,142.0,1
174,181.0,1
156,156.0,13
152,160.0,26
121,130.0,13
109,118.0,13
161,177.0,115
149,163.0,115
158,163.0,13
165,169.0,1
128,133.0,2
140,147.0,13
178,181.0,13
168,175.0,96
121,126.0,87
97,105.0,13
158,165.0,13
128,134.0,18
152,159.0,25
134,148.0,20
147,153.0,15
161,167.0,41
143,148.0,17
148,152.0,14
156,163.0,13
152,157.0,15
145,150.0,27
169,177.0,109
171,173.0,13
126,128.0,18
147,153.0,15
134,139.0,15
91,98.0,14
135,142.0,15
169,188.0,13
132,138.0,13
157,165.0,26
142,147.0,26
189,inf,14
130,inf,123
111,119.0,17
131,134.0,15
168,inf,153
151,157.0,13
124,127.0,13
141,154.0,1
147,153.0,13
147,151.0,13
151,156.0,13
152,158.0,14
175,181.0,13
123,129.0,13
157,163.0,13
118,122.0,26
157,162.0,26
151,157.0,38
152,158.0,14
152,158.0,14
141,145.0,14
128,134.0,13
157,163.0,14
176,182.0,3
141,146.0,13
163,169.0,16
121,129.0,13
118,123.0,13
166,175.0,110
149,155.0,25
154,156.0,20
134,139.0,13
174,181.0,16
173,181.0,16
162,165.0,110
110,117.0,17
144,148.0,13
156,163.0,13
146,151.0,13
121,128.0,16
91,99.0,14
67,inf,28
78,84.0,27
159,165.0,30
98,108.0,21
154,156.0,21
72,inf,63
169,176.0,15
169,175.0,127
150,154.0,14
145,154.0,1
190,inf,1
182,190.0,27
110,116.0,14
158,166.0,16
164,171.0,13
147,153.0,26
147,153.0,13
161,166.0,13
13,141.0,13
157,163.0,97
76,inf,73
163,169.0,13
146,152.0,27
59,inf,18
122,128.0,14
154,158.0,122
150,157.0,19
110,116.0,19
159,165.0,14
153,159.0,14
169,179.0,26
159,165.0,17
178,183.0,13
186,inf,158
133,139.0,26
175,181.0,26
158,165.0,15
175,181.0,19
148,158.0,19
91,97.0,13
130,133.0,13
159,171.0,13
110,119.0,14
140,148.0,15
183,189.0,14
135,142.0,14
188,inf,19
110,119.0,15
141,146.0,18
82,inf,25
189,inf,13
189,inf,13
164,173.0,13
162,166.0,13
97,106.0,13
187,inf,158
163,169.0,15
157,167.0,18
167,175.0,13
154,157.0,144
31,inf,13
133,142.0,13
175,181.0,139
123,129.0,13
67,inf,61
157,164.0,13
133,140.0,13
176,181.0,15
175,181.0,13
112,115.0,13
160,166.0,3
118,121.0,14
175,184.0,19
157,164.0,13
163,168.0,13
160,166.0,13
128,134.0,14
163,170.0,85
178,182.0,2
171,178.0,2
139,146.0,1
157,163.0,1
176,181.0,14
178,182.0,26
186,190.0,19
145,151.0,13
161,163.0,13
124,132.0,27
164,169.0,14
170,175.0,1
142,147.0,1
168,171.0,13
145,153.0,13
145,155.0,14
125,128.0,13
175,181.0,13
160,164.0,86
159,167.0,13
70,inf,13
135,142.0,15
175,181.0,25
175,183.0,26
140,145.0,18
17,inf,15
128,132.0,15
99,107.0,17
170,175.0,14
105,110.0,1
151,157.0,15
163,169.0,132
149,156.0,13
70,inf,61
164,171.0,13
130,151.0,127
181,187.0,50
181,189.0,133
175,181.0,20
178,182.0,22
20,inf,16
110,inf,13
181,181.0,13
127,135.0,17
158,164.0,13
169,178.0,26
132,137.0,19
170,177.0,14
164,169.0,16
147,156.0,15
169,180.0,20
155,161.0,26
175,181.0,26
126,132.0,26
118,123.0,26
145,153.0,26
179,182.0,26
144,148.0,16
46,inf,26
49,inf,25
159,166.0,34
182,190.0,14
164,169.0,49
134,147.0,26
158,164.0,90
163,169.0,13
134,140.0,15
148,156.0,13
135,147.0,27
159,165.0,15
176,181.0,54
103,109.0,14
142,147.0,14
175,182.0,28
152,159.0,13
175,178.0,43
163,166.0,51
111,inf,14
142,147.0,49
146,151.0,14
178,184.0,14
169,176.0,14
117,123.0,14
17,inf,17
137,142.0,22
145,176.0,14
67,inf,61
168,180.0,74
166,176.0,18
56,inf,50
154,159.0,62
149,155.0,17
128,134.0,17
157,164.0,24
158,164.0,15
153,159.0,17
142,147.0,17
147,151.0,13
187,inf,15
90,95.0,15
145,155.0,14
185,inf,26
137,142.0,15
170,179.0,15
139,145.0,15
148,154.0,15
139,146.0,32
139,146.0,15
164,169.0,133
148,153.0,15
164,170.0,17
169,176.0,17
190,inf,3
169,178.0,98
155,160.0,14
128,134.0,17
146,152.0,5
134,143.0,19
139,143.0,57
128,134.0,18
62,inf,15
170,177.0,2
141,147.0,2
163,166.0,13
112,120.0,14
172,179.0,27
167,172.0,27
163,169.0,13
113,119.0,15
139,145.0,15
139,145.0,2
129,133.0,22
144,149.0,18
159,165.0,15
81,87.0,13
104,109.0,13
158,164.0,15
181,inf,13
135,144.0,13
121,127.0,13
121,127.0,13
163,167.0,13
128,134.0,26
137,141.0,15
109,115.0,15
163,169.0,17
183,inf,25
137,148.0,25
82,inf,14
157,164.0,1
139,151.0,16
162,172.0,13
70,inf,13
66,73.0,2
156,160.0,45
177,181.0,49
143,149.0,3
158,165.0,139
151,161.0,13
152,158.0,26
175,185.0,25
104,112.0,19
116,123.0,16
147,155.0,16
151,157.0,42
143,147.0,13
175,182.0,17
98,104.0,15
121,127.0,25
159,166.0,73
91,99.0,14
152,158.0,15
130,137.0,16
164,170.0,28
133,140.0,109
117,123.0,15
168,173.0,15
182,187.0,13
163,169.0,13
163,175.0,23
133,140.0,14
145,155.0,50
143,150.0,25
175,182.0,13
159,165.0,15
182,185.0,16
133,144.0,18
187,inf,175
170,177.0,15
159,165.0,51
123,130.0,15
168,170.0,15
157,168.0,13
179,184.0,18
166,173.0,15
157,163.0,15
133,139.0,15
173,178.0,16
103,106.0,37
146,152.0,13
157,163.0,127
166,171.0,13
139,144.0,13
59,inf,48
95,102.0,65
145,152.0,13
181,188.0,13
146,159.0,15
157,164.0,2
169,174.0,2
132,137.0,26
164,170.0,15
180,186.0,18
99,105.0,14
154,162.0,66
168,173.0,26
169,179.0,13
138,156.0,101
118,121.0,13
18,inf,18
59,inf,14
59,inf,17
103,109.0,14
89,95.0,28
70,inf,40
153,160.0,13
162,165.0,17
100,104.0,15
162,169.0,1
188,inf,15
99,106.0,13
162,169.0,122
157,160.0,151
112,118.0,13
175,181.0,13
145,148.0,13
46,inf,25
22,inf,13
107,111.0,1
140,146.0,13
182,inf,13
157,173.0,123
147,151.0,63
152,158.0,15
73,168.0,61
170,177.0,1
109,115.0,13
169,178.0,18
162,167.0,18
155,162.0,18
157,164.0,1
85,95.0,2
181,187.0,17
133,139.0,13
147,152.0,14
158,165.0,14
134,141.0,14
146,inf,13
146,inf,125
157,163.0,19
119,126.0,14
128,133.0,13
170,179.0,13
169,176.0,13
34,inf,22
178,185.0,25
74,81.0,14
179,184.0,17
184,inf,14
97,103.0,14
161,166.0,15
117,123.0,13
160,165.0,13
175,181.0,13
189,inf,14
134,143.0,17
175,185.0,13
123,128.0,13
153,159.0,1
162,170.0,13
146,153.0,20
164,170.0,14
159,162.0,99
139,145.0,19
157,162.0,19
140,149.0,50
91,inf,50
134,140.0,27
148,155.0,25
160,166.0,22
124,130.0,22
169,179.0,13
163,169.0,13
163,169.0,62
110,115.0,16
143,150.0,14
130,143.0,14
131,138.0,17
161,167.0,14
129,inf,16
145,155.0,25
171,178.0,25
139,148.0,13
140,145.0,49
153,157.0,25
115,121.0,2
157,164.0,13
134,137.0,14
169,175.0,164
141,147.0,13
178,181.0,13
109,inf,18
134,144.0,13
131,136.0,13
148,155.0,20
164,170.0,17
97,101.0,17
155,160.0,13
175,181.0,15
134,144.0,1
150,158.0,1
134,141.0,13
152,158.0,13
135,139.0,13
121,129.0,13
151,155.0,13
180,183.0,15
147,154.0,3
158,164.0,13
121,128.0,13
143,145.0,37
146,151.0,17
172,175.0,17
154,154.0,17
111,118.0,13
62,inf,14
171,177.0,158
155,158.0,15
166,173.0,15
179,182.0,26
155,162.0,42
142,146.0,14
67,inf,25
98,107.0,73
130,136.0,125
154,160.0,13
171,176.0,14
189,inf,14
145,150.0,13
109,116.0,19
168,172.0,58
126,138.0,13
131,135.0,15
182,188.0,17
158,163.0,1
139,145.0,1
133,135.0,13
140,148.0,14
162,170.0,13
121,128.0,16
131,137.0,18
157,166.0,34
188,inf,13
146,152.0,13
143,146.0,16
175,182.0,13
157,163.0,133
94,101.0,25
187,inf,13
133,146.0,13
112,inf,13
189,inf,157
171,178.0,14
122,inf,122
157,164.0,127
133,139.0,13
164,170.0,86
122,128.0,86
137,143.0,16
135,140.0,13
169,175.0,14
175,181.0,134
145,155.0,133
116,121.0,13
135,150.0,13
159,163.0,14
181,inf,13
157,164.0,18
109,115.0,14
109,116.0,14
176,179.0,13
178,186.0,13
130,134.0,13
169,175.0,16
164,169.0,59
151,inf,13
157,162.0,1
157,166.0,13
165,173.0,13
162,167.0,18
153,158.0,15
173,179.0,13
135,139.0,21
138,147.0,17
172,180.0,17
124,131.0,16
134,139.0,13
174,180.0,139
180,186.0,138
162,169.0,16
163,173.0,27
130,134.0,13
136,141.0,17
155,160.0,14
134,140.0,26
149,155.0,26
143,146.0,17
157,163.0,25
169,175.0,19
178,186.0,13
151,160.0,15
120,130.0,111
122,inf,122
121,127.0,13
127,133.0,13
143,145.0,10
112,117.0,15
164,174.0,2
167,173.0,17
115,123.0,109
114,121.0,19
93,98.0,15
172,179.0,38
175,181.0,40
127,133.0,13
164,170.0,26
158,166.0,38
186,inf,14
71,inf,14
151,157.0,13
138,142.0,15
172,175.0,15
185,188.0,14
135,140.0,14
159,164.0,27
153,162.0,16
162,173.0,42
143,147.0,1
26,inf,26
109,inf,31
162,169.0,13
169,181.0,124
116,121.0,17
150,154.0,14
164,169.0,1
162,169.0,123
162,168.0,38
128,136.0,38
31,inf,31
35,inf,31
135,143.0,13
129,135.0,13
160,168.0,13
113,119.0,52
123,128.0,16
156,158.0,49
161,167.0,15
158,165.0,13
146,156.0,13
158,165.0,13
158,165.0,14
158,166.0,13
176,181.0,25
157,166.0,14
85,91.0,13
149,156.0,49
175,181.0,64
164,171.0,49
133,139.0,19
123,129.0,13
134,140.0,16
124,131.0,4
134,140.0,29
176,181.0,17
144,146.0,17
161,168.0,13
102,108.0,14
144,147.0,13
131,137.0,13
146,156.0,25
143,147.0,15
164,169.0,14
115,inf,16
110,118.0,16
131,137.0,1
181,187.0,1
151,157.0,9
145,151.0,9
121,125.0,1
146,164.0,17
142,147.0,17
181,inf,25
171,174.0,14
153,164.0,14
142,152.0,13
181,188.0,1
175,182.0,13
55,inf,49
187,inf,61
145,153.0,14
170,180.0,14
170,177.0,14
185,190.0,14
157,166.0,1
157,168.0,17
128,134.0,14
146,159.0,14
127,133.0,13
142,145.0,14
157,163.0,1
150,155.0,14
144,150.0,14
135,140.0,36
158,170.0,3
102,104.0,13
124,131.0,13
131,138.0,1
139,146.0,13
121,129.0,15
128,133.0,13
133,139.0,15
163,170.0,13
127,133.0,25
133,140.0,3
179,183.0,3
121,131.0,13
159,165.0,17
171,186.0,13
139,146.0,27
139,146.0,27
130,136.0,14
139,147.0,14
135,146.0,27
173,187.0,86
157,163.0,13
150,160.0,17
145,152.0,13
122,130.0,13
161,167.0,13
183,inf,16
132,135.0,23
170,179.0,26
144,150.0,15
117,123.0,45
146,152.0,15
151,158.0,14
167,169.0,1
145,152.0,61
165,169.0,17
159,165.0,13
175,181.0,13
175,181.0,14
148,154.0,17
157,165.0,14
139,146.0,27
139,145.0,13
165,169.0,17
127,133.0,17
155,160.0,13
160,170.0,13
151,157.0,14
174,180.0,28
117,123.0,26
171,175.0,28
156,162.0,18
136,142.0,15
121,129.0,15
122,130.0,26
181,188.0,15
165,173.0,14
88,94.0,17
140,152.0,18
131,135.0,15
153,159.0,13
187,inf,1
145,152.0,1
162,166.0,22
169,179.0,25
142,150.0,15
174,179.0,15
155,158.0,17
157,163.0,16
129,135.0,14
169,175.0,14
143,150.0,17
126,136.0,17
121,126.0,14
133,139.0,25
162,168.0,20
103,110.0,19
125,135.0,19
134,141.0,18
134,143.0,15
72,inf,15
145,151.0,13
148,152.0,13
147,155.0,19
119,126.0,84
86,94.0,13
168,inf,150
173,179.0,111
152,inf,145
169,177.0,16
118,126.0,14
159,165.0,14
161,168.0,13
158,163.0,14
154,162.0,13
139,148.0,15
151,160.0,19
151,160.0,19
145,152.0,25
173,180.0,15
88,92.0,14
122,125.0,14
165,168.0,122
158,161.0,122
153,156.0,122
164,171.0,14
168,174.0,30
120,126.0,20
115,121.0,21
162,165.0,18
165,169.0,15
124,131.0,15
94,99.0,14
187,inf,109
170,176.0,13
100,106.0,26
133,139.0,13
189,inf,13
169,179.0,26
127,133.0,49
153,159.0,37
172,177.0,13
133,145.0,16
180,188.0,15
130,137.0,15
175,181.0,17
157,163.0,122
180,185.0,122
145,151.0,40
157,163.0,13
142,150.0,13
137,143.0,17
155,160.0,13
174,180.0,15
159,165.0,22
150,161.0,14
161,166.0,14
164,170.0,14
155,160.0,26
71,inf,62
110,117.0,14
181,187.0,127
140,146.0,16
135,142.0,18
180,inf,19
91,100.0,13
171,177.0,17
162,173.0,16
162,169.0,138
126,129.0,1
122,137.0,15
137,142.0,15
139,149.0,13
159,165.0,19
110,117.0,17
150,165.0,13
147,154.0,15
189,inf,15
138,148.0,13
141,147.0,17
169,173.0,14
138,143.0,27
149,155.0,14
162,171.0,16
164,170.0,127
146,152.0,13
158,165.0,14
158,168.0,20
167,173.0,15
116,133.0,13
151,159.0,17
160,167.0,160
125,127.0,14
164,169.0,14
169,174.0,2
171,179.0,20
159,165.0,17
117,123.0,15
169,175.0,145
114,120.0,15
166,169.0,15
171,179.0,13
160,164.0,24
156,160.0,24
149,169.0,14
148,169.0,16
178,181.0,26
154,168.0,13
141,147.0,1
121,133.0,13
182,inf,13
169,172.0,14
159,166.0,13
141,147.0,14
182,inf,14
170,179.0,26
130,136.0,39
110,117.0,1
115,121.0,109
123,129.0,14
148,inf,13
185,inf,13
175,181.0,78
151,157.0,13
163,175.0,13
187,inf,25
153,159.0,29
135,141.0,14
150,163.0,90
145,152.0,37
177,182.0,18
180,184.0,14
136,142.0,3
141,146.0,15
146,151.0,15
107,110.0,18
167,169.0,39
166,173.0,17
151,161.0,15
117,inf,13
163,168.0,17
164,171.0,15
115,125.0,14
157,165.0,14
134,140.0,50
121,131.0,19
151,163.0,14
110,116.0,13
177,182.0,13
177,179.0,13
104,109.0,61
175,178.0,17
145,151.0,13
169,175.0,13
111,116.0,75
124,129.0,75
169,175.0,14
157,164.0,15
152,158.0,13
176,181.0,17
178,182.0,17
153,155.0,17
166,170.0,14
139,169.0,139
141,145.0,13
152,157.0,13
70,inf,13
136,142.0,27
158,165.0,26
152,160.0,13
131,137.0,17
145,154.0,1
134,139.0,1
178,182.0,18
156,161.0,18
145,151.0,2
139,145.0,25
147,154.0,49
113,120.0,13
134,142.0,13
168,174.0,30
73,79.0,13
145,155.0,13
139,145.0,13
154,158.0,14
152,159.0,44
187,inf,14
163,169.0,13
145,151.0,13
182,186.0,26
181,189.0,13
145,154.0,49
165,173.0,21
175,181.0,13
110,115.0,13
91,99.0,13
177,180.0,13
174,183.0,19
181,187.0,13
141,147.0,15
145,155.0,13
152,159.0,14
143,150.0,17
143,150.0,17
129,132.0,17
140,149.0,14
164,171.0,38
146,159.0,16
150,156.0,29
129,133.0,14
189,inf,14
82,inf,65
62,inf,26
162,168.0,18
148,164.0,15
171,177.0,17
127,133.0,14
166,174.0,13
160,173.0,13
122,132.0,13
62,inf,61
158,162.0,73
152,157.0,25
150,154.0,15
115,122.0,13
161,167.0,15
139,145.0,13
160,165.0,13
127,133.0,62
115,118.0,62
119,125.0,14
106,109.0,15
114,123.0,13
157,164.0,13
135,139.0,13
161,167.0,13
157,164.0,16
157,165.0,1
163,167.0,13
189,inf,13
175,181.0,13
160,163.0,13
173,182.0,14
169,173.0,14
170,177.0,44
97,104.0,13
133,133.0,13
43,inf,13
155,159.0,13
188,inf,16
157,166.0,21
131,133.0,21
124,133.0,13
140,145.0,18
148,155.0,15
145,154.0,1
170,179.0,1
146,152.0,26
128,133.0,20
118,126.0,66
168,176.0,15
115,122.0,13
143,147.0,17
179,184.0,13
108,114.0,18
133,141.0,14
111,118.0,20
157,163.0,13
168,177.0,13
166,171.0,125
19,inf,17
177,181.0,13
145,151.0,13
102,114.0,17
169,176.0,13
133,141.0,16
133,145.0,27
188,inf,123
174,177.0,15
145,150.0,25
109,115.0,25
151,158.0,26
116,122.0,17
115,121.0,17
184,inf,13
119,125.0,17
164,170.0,13
123,129.0,29
120,123.0,14
189,inf,14
175,175.0,168
147,153.0,29
164,169.0,147
179,186.0,17
183,190.0,27
109,118.0,18
159,166.0,14
146,156.0,2
147,151.0,14
164,174.0,14
125,127.0,37
128,133.0,13
143,149.0,13
165,170.0,17
133,140.0,17
163,169.0,18
157,163.0,26
154,157.0,14
128,133.0,3
181,188.0,13
157,163.0,13
82,88.0,13
167,169.0,14
141,143.0,13
94,inf,28
130,133.0,31
117,123.0,27
182,190.0,2
123,131.0,13
133,139.0,13
187,inf,13
146,156.0,13
163,170.0,17
109,115.0,17
177,180.0,18
153,159.0,17
139,142.0,17
169,177.0,17
134,144.0,17
141,148.0,13
157,162.0,14
181,188.0,15
54,inf,15
164,171.0,13
161,167.0,13
135,140.0,18
170,176.0,15
163,169.0,13
160,166.0,53
99,105.0,14
181,187.0,19
127,inf,13
169,175.0,13
158,172.0,17
20,inf,14
163,174.0,14
166,172.0,16
149,156.0,13
142,145.0,2
157,163.0,1
159,166.0,19
151,158.0,14
173,175.0,14
128,135.0,75
69,inf,28
157,162.0,13
165,170.0,15
185,inf,15
187,inf,13
139,146.0,3
146,152.0,146
189,inf,49
146,154.0,88
150,154.0,13
146,154.0,17
145,158.0,15
158,164.0,15
169,177.0,50
176,181.0,1
157,163.0,15
105,110.0,14
124,132.0,13
172,175.0,13
109,115.0,19
162,169.0,13
187,inf,18
166,172.0,95
148,155.0,26
158,166.0,63
121,131.0,16
158,168.0,16
109,112.0,16
110,116.0,13
174,180.0,14
182,187.0,15
122,127.0,14
109,118.0,14
158,165.0,1
104,112.0,13
151,163.0,13
102,108.0,14
145,153.0,14
18,inf,13
101,108.0,21
149,163.0,85
133,144.0,16
95,101.0,13
122,128.0,15
67,inf,13
157,165.0,13
172,179.0,21
171,179.0,19
71,inf,62
102,109.0,17
131,151.0,127
129,143.0,14
136,142.0,15
179,185.0,21
121,131.0,15
149,156.0,15
123,130.0,49
155,161.0,18
154,161.0,15
132,138.0,14
169,176.0,3
169,175.0,13
159,164.0,37
178,185.0,13
168,inf,154
105,109.0,15
176,181.0,13
157,160.0,14
126,134.0,13
116,125.0,1
98,106.0,17
159,166.0,18
142,145.0,1
174,181.0,15
129,133.0,63
150,155.0,14
181,188.0,14
175,182.0,26
164,169.0,13
119,122.0,15
155,161.0,17
153,157.0,1
104,110.0,26
127,135.0,16
169,177.0,13
121,127.0,13
163,169.0,13
168,179.0,18
148,162.0,18
163,172.0,159
145,152.0,13
147,151.0,13
145,147.0,13
169,175.0,25
139,146.0,15
150,157.0,13
133,136.0,13
159,165.0,14
159,165.0,13
148,153.0,148
137,142.0,15
133,139.0,13
169,176.0,13
163,175.0,163
153,158.0,52
133,142.0,121
135,142.0,14
188,inf,14
166,173.0,17
148,155.0,3
162,168.0,13
91,101.0,13
157,164.0,1
165,171.0,15
145,151.0,3
187,190.0,3
155,162.0,13
121,126.0,13
163,170.0,13
101,107.0,64
141,147.0,13
60,inf,1
157,163.0,14
134,141.0,13
173,180.0,16
153,160.0,13
181,187.0,13
163,169.0,27
105,111.0,27
100,103.0,25
170,180.0,17
166,172.0,154
175,181.0,14
135,139.0,23
139,139.0,24
136,144.0,15
182,187.0,14
170,177.0,20
175,181.0,25
172,178.0,25
112,118.0,25
164,168.0,24
171,177.0,62
170,175.0,133
120,125.0,14
126,140.0,14
168,174.0,15
133,140.0,13
162,173.0,16
133,146.0,13
157,164.0,13
133,146.0,13
91,98.0,13
85,inf,1
129,133.0,14
169,178.0,14
140,145.0,14
122,131.0,13
137,143.0,28
127,133.0,25
122,128.0,14
97,105.0,49
103,106.0,16
148,156.0,49
186,inf,17
163,170.0,13
162,165.0,13
164,169.0,42
172,175.0,133
168,172.0,13
170,175.0,14
139,144.0,14
140,146.0,15
169,175.0,15
135,144.0,15
158,166.0,14
123,127.0,13
98,108.0,25
133,145.0,25
158,165.0,15
189,inf,109
157,163.0,15
171,178.0,16
188,inf,15
157,163.0,15
164,175.0,160
184,inf,17
127,133.0,20
178,181.0,14
150,158.0,13
132,136.0,13
146,154.0,19
171,179.0,19
143,150.0,14
171,177.0,14
148,154.0,15
170,176.0,15
159,166.0,17
178,183.0,13
177,184.0,14
123,129.0,51
145,145.0,13
151,157.0,13
144,150.0,16
170,176.0,14
182,188.0,18
133,140.0,2
145,151.0,26
124,130.0,17
176,179.0,2
136,139.0,1
144,146.0,7
97,108.0,2
181,189.0,2
179,183.0,1
120,122.0,2
173,178.0,16
157,164.0,13
158,166.0,17
133,139.0,13
140,147.0,14
152,158.0,14
190,inf,18
133,133.0,15
178,186.0,14
181,190.0,14
